Week_ID,Week_Start,Year,Quarter,Month,Promo_Event,Spend_Search,Spend_Social,Spend_Email,Spend_Display,Total_Marketing_Spend,Impressions,Clicks,CTR_pct,CPC,Leads,Orders,New_Customers,Repeat_Customer_Rate_pct,CAC,Units_Sold,Avg_Order_Value,Gross_Revenue,Discounts,Returns,Net_Revenue,COGS,Gross_Profit,Gross_Margin_pct,Payroll,Other_Opex,EBITDA,Depreciation,Interest,Tax,Net_Profit,Net_Margin_pct,AR_Outstanding,DSO_Days,ROAS,Marketing_ROI_pct,Cash_Balance,Customer_LTV_est,LTV_to_CAC,promo_flag,discount_rate_pct,return_rate_pct,conversion_rate_pct,lead_to_order_pct,search_share,social_share,email_share,display_share,marketing_pct_of_revenue,profit_per_order,contribution_after_marketing,new_customer_share,cash_runway_weeks,month_num,week_of_year,is_q4,t_index,weeks_since_last_promo,Net_Revenue_lag1,Net_Revenue_lag4,Net_Revenue_lag13,Net_Revenue_rm4,Net_Profit_lag1,Net_Profit_lag4,Net_Profit_lag13,Net_Profit_rm4,Total_Marketing_Spend_lag1,Total_Marketing_Spend_lag4,Total_Marketing_Spend_lag13,Total_Marketing_Spend_rm4,is_loss_week,health_score,cluster,segment,segment_tier,is_anomaly,anomaly_score,anomaly_reason,loss_risk_rule,loss_risk_prob,loss_risk_flag
W001,2022-10-03,2022,Q4,Oct,None,5630.0,4278.0,1255.0,2299.0,13462.0,1342508.0,26270.0,1.96,0.51,2197.0,1207.0,613.0,49.2,21.96,2445.0,79.27,95679.0,3428.0,4467.0,87784.0,39941.0,47843.0,54.5,18562.0,8986.0,6833.0,1800.0,1100.0,983.0,2950.0,3.4,36650.0,2.9,6.52,255.4,183275.0,217.73,9.91,0,3.5828133655243053,4.668736086288527,4.594594594594595,54.93855257168867,0.4182142326548804,0.3177833902837617,0.09322537512999554,0.17077700193136236,15.335368632096966,2.444076222038111,34381.0,0.507870753935377,4.4690319434284325,10,40,1,0,52,,,,,,,,,,,,,0,38.26923076923077,1,Efficient,TIER_1,0,0.5253648658529356,,0,0.02747224641020447,0
W002,2022-10-10,2022,Q4,Oct,None,5098.0,4440.0,1271.0,2138.0,12947.0,1356486.0,30468.0,2.25,0.42,2210.0,1063.0,459.0,56.8,28.21,2080.0,79.3,84296.0,1730.0,3674.0,78892.0,33777.0,45115.0,57.2,18568.0,8982.0,4618.0,1804.0,1098.0,429.0,1287.0,1.6,28922.0,2.6,6.09,248.5,193450.0,185.52,6.58,0,2.0522919236974473,4.358451172060359,3.488906393593278,48.09954751131222,0.3937591720089596,0.34293658762647716,0.0981694601065884,0.16513478025797482,16.411042944785276,1.2107243650047037,32168.0,0.431796801505174,4.776897054102773,10,41,1,1,52,87784.0,,,,2950.0,,,,13462.0,,,,0,16.77884615384615,2,Burn,TIER_3,0,0.42832329802729097,,0,0.020082981298935956,0
W003,2022-10-17,2022,Q4,Oct,Festive Sale,6812.0,5695.0,1362.0,2538.0,16407.0,1673526.0,40245.0,2.4,0.41,3732.0,1811.0,849.0,53.1,19.33,3572.0,71.6,129668.0,13411.0,6250.0,110007.0,50519.0,59488.0,54.1,18694.0,9726.0,14661.0,1808.0,1095.0,2940.0,8818.0,8.0,45601.0,2.9,6.7,262.6,182988.0,143.32,7.41,1,10.342567171545793,4.82000185088071,4.499937880482047,48.526259378349415,0.4151886389955507,0.3471079417321875,0.08301334796123606,0.15469007131102577,14.914505440562872,4.869133075648813,43081.0,0.4688017669795693,4.082093381221139,10,42,1,2,0,78892.0,,,,1287.0,,,,12947.0,,,,0,39.32692307692307,0,Steady,TIER_2,0,0.49005385565379234,,1,0.383419357322796,1
W004,2022-10-24,2022,Q4,Oct,Festive Sale,6882.0,4844.0,1495.0,2856.0,16077.0,1618063.0,37463.0,2.32,0.43,3639.0,1609.0,740.0,54.0,21.73,3026.0,75.63,121689.0,15185.0,2690.0,103814.0,49649.0,54165.0,52.2,18701.0,9589.0,9798.0,1812.0,1092.0,1724.0,5170.0,5.0,36068.0,2.4,6.46,236.9,196918.0,176.47,8.12,1,12.478531338083146,2.210553131343014,4.2949043055815075,44.21544380324265,0.42806493748833735,0.30129999377993405,0.09298998569384835,0.1776450830378802,15.486350588552602,3.2131758856432566,38088.0,0.4599129894344313,4.438388892645435,10,43,1,3,0,110007.0,,,,8818.0,,,,16407.0,,,,0,33.46153846153846,0,Steady,TIER_2,1,0.548015485670584,return rate % is 2.9 std dev below normal (2.21 vs typical 4.50),1,0.41922806049875183,1
W005,2022-10-31,2022,Q4,Oct,Festive Sale,5563.0,5339.0,1372.0,2412.0,14686.0,1568238.0,34276.0,2.19,0.43,2695.0,1330.0,627.0,52.9,23.42,2909.0,78.32,104166.0,12150.0,4939.0,87077.0,41255.0,45822.0,52.6,18678.0,8523.0,3935.0,1816.0,1090.0,257.0,772.0,0.9,33706.0,2.7,5.93,212.0,201482.0,164.04,7.0,1,11.66407465007776,4.74147034541021,3.8802660753880267,49.35064935064935,0.37879613237096554,0.3635435108266376,0.09342230695900858,0.16423804984338827,16.865532804299644,0.5804511278195489,31136.0,0.4714285714285714,4.81013202186836,10,44,1,4,0,103814.0,87784.0,,95124.25,5170.0,2950.0,,4556.25,16077.0,13462.0,,14723.25,0,15.312499999999998,0,Steady,TIER_2,0,0.4660279233731402,,1,0.598188228026726,1
W006,2022-11-07,2022,Q4,Nov,None,4953.0,4354.0,1085.0,1829.0,12221.0,1385490.0,27310.0,1.97,0.45,2387.0,1052.0,455.0,56.7,26.86,2438.0,80.91,85117.0,2336.0,3753.0,79028.0,37679.0,41349.0,52.3,18770.0,8967.0,1391.0,1820.0,1088.0,0.0,-1517.0,-1.9,31143.0,2.8,6.47,238.3,204348.0,194.22,7.23,0,2.7444576289107934,4.409224949187589,3.852068839253021,44.07205697528278,0.4052859831437689,0.3562719908354472,0.0887816054332706,0.1496604205875133,15.464139292402693,-1.4420152091254752,29128.0,0.43250950570342206,5.114069773261925,11,45,1,5,1,87077.0,78892.0,,94947.5,772.0,1287.0,,4011.75,14686.0,12947.0,,15029.25,1,21.634615384615387,2,Burn,TIER_3,0,0.4104549831662701,,0,0.9143366370281942,1
W007,2022-11-14,2022,Q4,Nov,None,5491.0,4397.0,1103.0,2446.0,13437.0,1592841.0,32165.0,2.02,0.42,2547.0,1088.0,497.0,54.3,27.04,2471.0,78.26,85147.0,3150.0,3797.0,78200.0,34606.0,43594.0,55.7,18692.0,9140.0,2325.0,1824.0,1085.0,0.0,-584.0,-0.7,29234.0,2.6,5.82,224.4,207498.0,179.39,6.63,0,3.6994844210600495,4.459346776750796,3.382558681796984,42.716921868865334,0.40864776363771677,0.32723078068021133,0.08208677532187245,0.18203468036019946,17.182864450127877,-0.5367647058823529,30157.0,0.4568014705882353,5.027938646441639,11,46,1,6,2,79028.0,110007.0,,94981.5,-1517.0,8818.0,,3310.75,12221.0,16407.0,,14847.75,1,12.66826923076923,2,Burn,TIER_3,0,0.41406688833260313,,0,0.8797002350063939,1
W008,2022-11-21,2022,Q4,Nov,Black Friday,6273.0,5677.0,1216.0,3053.0,16219.0,1780900.0,42410.0,2.38,0.38,3392.0,1525.0,604.0,60.4,26.85,2905.0,74.1,113002.0,13087.0,5724.0,94191.0,43867.0,50324.0,53.4,18810.0,9334.0,5961.0,1828.0,1082.0,763.0,2288.0,2.4,37317.0,2.8,5.81,210.3,202386.0,158.69,5.91,1,11.581210952018548,5.065397072618183,3.5958500353690166,44.95872641509434,0.3867686047228559,0.3500215796288304,0.07497379616499168,0.18823601948332203,17.219267233599815,1.500327868852459,34105.0,0.3960655737704918,4.562044947366048,11,47,1,7,0,78200.0,103814.0,,87029.75,-584.0,5170.0,,960.25,13437.0,16077.0,,14105.25,0,11.129807692307692,0,Steady,TIER_2,0,0.49596376232235817,,1,0.5860861159361205,1
W009,2022-11-28,2022,Q4,Nov,Black Friday,6404.0,5502.0,1272.0,2516.0,15694.0,1842938.0,39746.0,2.16,0.39,3625.0,1666.0,775.0,53.5,20.25,3644.0,73.7,122784.0,15300.0,5452.0,102032.0,45517.0,56515.0,55.4,18630.0,9514.0,12677.0,1832.0,1080.0,2441.0,7324.0,7.2,37685.0,2.6,6.5,260.1,207512.0,169.31,8.36,1,12.460906958561376,4.440317956737034,4.191616766467066,45.95862068965517,0.4080540333885561,0.35057983942908116,0.08105008283420416,0.16031604434815852,15.3814489571899,4.396158463385354,40821.0,0.4651860744297719,4.733610109950272,11,48,1,8,0,94191.0,87077.0,,84624.0,2288.0,772.0,,239.75,16219.0,14686.0,,14140.75,0,39.95192307692307,0,Steady,TIER_2,0,0.458924035516361,,1,0.6687425184871698,1
W010,2022-12-05,2022,Q4,Dec,None,5109.0,4914.0,1121.0,1897.0,13041.0,1397832.0,30272.0,2.17,0.43,2564.0,1158.0,554.0,52.2,23.54,2629.0,80.32,93011.0,2372.0,3337.0,87302.0,39930.0,47372.0,54.3,18869.0,9522.0,5940.0,1836.0,1078.0,756.0,2270.0,2.6,30908.0,2.5,6.69,263.3,217260.0,193.09,8.2,0,2.550235993592156,3.587747685757599,3.82531712473573,45.163806552262095,0.3917644352426961,0.37681159420289856,0.0859596656698106,0.14546430488459475,14.937802112208196,1.9602763385146804,34331.0,0.4784110535405872,5.243772929136899,12,49,1,9,1,102032.0,79028.0,,88362.75,7324.0,-1517.0,,1877.75,15694.0,12221.0,,14392.75,0,33.84615384615385,1,Efficient,TIER_1,0,0.391972011401514,,0,0.9189945826631789,1
W011,2022-12-12,2022,Q4,Dec,None,5772.0,4448.0,1215.0,2148.0,13583.0,1546290.0,29592.0,1.91,0.46,2927.0,1157.0,522.0,54.9,26.02,2366.0,79.55,92039.0,2481.0,4038.0,85520.0,37575.0,47945.0,56.1,18959.0,8869.0,6534.0,1840.0,1075.0,905.0,2714.0,3.2,37990.0,3.1,6.3,253.0,213376.0,184.39,7.09,0,2.6955964319473265,4.387270613544258,3.909840497431738,39.52852750256235,0.42494294338511374,0.32746815872782153,0.08945004785393507,0.15813885003312964,15.882834424695977,2.3457216940363006,34362.0,0.4511668107173725,5.152640602738403,12,50,1,10,2,87302.0,78200.0,,90431.25,2270.0,-584.0,,2824.5,13041.0,13437.0,,14597.75,0,23.60576923076923,2,Burn,TIER_3,0,0.4162269336680568,,0,0.8477955363059487,1
W012,2022-12-19,2022,Q4,Dec,Year-End Sale,6775.0,5054.0,1523.0,2543.0,15895.0,1644582.0,37322.0,2.27,0.43,3028.0,1221.0,483.0,60.4,32.91,2579.0,77.78,94969.0,10855.0,4325.0,79789.0,35654.0,44135.0,55.3,18740.0,8544.0,956.0,1844.0,1072.0,0.0,-1960.0,-2.5,33668.0,3.0,5.02,177.7,217582.0,174.24,5.29,1,11.430045593825353,4.554117659446766,3.2715288569744385,40.32364597093791,0.42623466498899026,0.31796162315193455,0.09581629443221139,0.1599874174268638,19.92129240872802,-1.6052416052416052,28240.0,0.3955773955773956,5.039069918247296,12,51,1,11,0,85520.0,94191.0,,92261.25,2714.0,2288.0,,3649.0,13583.0,16219.0,,14634.25,1,4.903846153846154,2,Burn,TIER_3,0,0.534705862688648,,1,0.503060614729941,1
W013,2022-12-26,2022,Q4,Dec,None,5481.0,4441.0,1042.0,2174.0,13138.0,1414997.0,29948.0,2.12,0.44,2785.0,1106.0,552.0,50.1,23.8,2056.0,79.54,87971.0,2380.0,4040.0,81551.0,36408.0,45143.0,55.4,18909.0,9100.0,3996.0,1848.0,1070.0,270.0,808.0,1.0,28507.0,2.4,6.21,243.6,224994.0,182.45,7.67,0,2.7054370190176305,4.5924225028702645,3.6930679845064778,39.712746858168764,0.41718678642106866,0.33802709697061956,0.07931191962246917,0.1654741969858426,16.110164191732782,0.7305605786618445,32005.0,0.49909584086799275,5.468053564050842,12,52,1,12,1,79789.0,102032.0,,88660.75,-1960.0,7324.0,,2587.0,15895.0,15694.0,,14553.25,0,23.41346153846154,2,Burn,TIER_3,0,0.3994985118299862,,0,0.9051530397339028,1
W014,2023-01-02,2023,Q1,Jan,None,5376.0,4191.0,1083.0,1856.0,12506.0,1322997.0,32635.0,2.47,0.38,2799.0,1023.0,485.0,52.6,25.79,2181.0,81.81,83692.0,2064.0,3875.0,77753.0,36177.0,41576.0,53.5,18815.0,9478.0,777.0,1852.0,1068.0,0.0,-2143.0,-2.8,31314.0,2.8,6.22,232.4,221896.0,167.13,6.48,0,2.466185537446829,4.630072169382975,3.1346713650988205,36.548767416934616,0.4298736606428914,0.3351191428114505,0.08659843275227891,0.14840876379337917,16.084266845009196,-2.0948191593352883,29070.0,0.47409579667644186,5.4387607539400475,1,1,0,13,2,81551.0,87302.0,87784.0,83540.5,808.0,2270.0,2950.0,958.0,13138.0,13041.0,13462.0,13914.25,1,15.192307692307692,2,Burn,TIER_3,0,0.4760382472174877,,0,0.9646760415829582,1
W015,2023-01-09,2023,Q1,Jan,None,5164.0,4186.0,981.0,2101.0,12432.0,1548110.0,29312.0,1.89,0.42,2678.0,1142.0,492.0,56.9,25.27,2252.0,79.61,90915.0,1220.0,4847.0,84848.0,39379.0,45469.0,53.6,18866.0,9998.0,4173.0,1856.0,1065.0,313.0,939.0,1.1,29722.0,2.5,6.82,265.7,225814.0,184.3,7.29,0,1.3419127756695814,5.331353462024968,3.896015283842795,42.643764002987304,0.41537966537966536,0.3367117117117117,0.0789092664092664,0.1689993564993565,14.652083726192721,0.8222416812609457,33037.0,0.4308231173380035,5.468180937621077,1,2,0,14,3,77753.0,85520.0,78892.0,81153.25,-2143.0,2714.0,1287.0,-145.25,12506.0,13583.0,12947.0,13780.5,0,30.721153846153847,1,Efficient,TIER_1,0,0.43737119371613714,,0,0.9713743577286639,1
W016,2023-01-16,2023,Q1,Jan,None,4720.0,3837.0,1098.0,2102.0,11757.0,1319521.0,30623.0,2.32,0.38,2493.0,1160.0,521.0,55.1,22.57,2464.0,81.9,95004.0,2602.0,3450.0,88952.0,40724.0,48228.0,54.2,18786.0,9727.0,7958.0,1860.0,1062.0,1259.0,3777.0,4.2,29587.0,2.3,7.57,310.2,229698.0,162.64,7.21,0,2.7388320491768767,3.6314260452191487,3.788002481794729,46.53028479743281,0.40146295823764566,0.32635876499106914,0.09339117121714723,0.17878710555413796,13.217240759061067,3.2560344827586207,36471.0,0.44913793103448274,5.703948348646636,1,3,0,15,4,84848.0,79789.0,110007.0,80985.25,939.0,-1960.0,8818.0,-589.0,12432.0,15895.0,16407.0,13492.75,0,42.23557692307693,1,Efficient,TIER_1,0,0.4140240270470686,,0,0.9465641531897243,1
W017,2023-01-23,2023,Q1,Jan,None,5177.0,4200.0,1058.0,1825.0,12260.0,1237084.0,26257.0,2.12,0.47,2221.0,990.0,396.0,60.0,30.96,1894.0,82.27,81447.0,2624.0,3780.0,75043.0,32880.0,42163.0,56.2,19274.0,8558.0,2071.0,1864.0,1060.0,0.0,-853.0,-1.1,31620.0,2.9,6.12,243.9,228676.0,188.03,6.07,0,3.2217270126585387,4.641054919149877,3.7704231252618348,44.57451598379109,0.42226753670473083,0.3425774877650897,0.08629690048939641,0.14885807504078302,16.337299948029795,-0.8616161616161616,29903.0,0.4,5.703781303003093,1,4,0,16,5,88952.0,81551.0,103814.0,83276.0,3777.0,808.0,5170.0,845.25,11757.0,13138.0,16077.0,12458.25,1,14.759615384615385,2,Burn,TIER_3,0,0.4109470960986379,,0,0.9201780734898968,1
W018,2023-01-30,2023,Q1,Jan,None,4735.0,4264.0,936.0,2150.0,12085.0,1396834.0,30195.0,2.16,0.4,2539.0,923.0,387.0,58.1,31.23,1998.0,77.03,71099.0,1923.0,3933.0,65243.0,29391.0,35852.0,55.0,19269.0,8865.0,-4367.0,1868.0,1058.0,0.0,-7293.0,-11.2,20345.0,2.2,5.4,196.7,234526.0,187.59,6.01,0,2.70467939070873,5.531723371636732,3.0567974830269913,36.35289484048838,0.39180802647910634,0.35283409184940007,0.07745138601572196,0.17790649565577163,18.52305994512821,-7.901408450704225,23767.0,0.419284940411701,5.831224048335364,1,5,0,17,6,75043.0,77753.0,87077.0,81649.0,-853.0,-2143.0,772.0,430.0,12260.0,12506.0,14686.0,12238.75,1,7.259615384615384,2,Burn,TIER_3,0,0.4991650065157616,,0,0.9334980914617363,1
W019,2023-02-06,2023,Q1,Feb,None,5597.0,5129.0,1188.0,2436.0,14350.0,1538803.0,32588.0,2.12,0.44,2552.0,1108.0,486.0,56.1,29.53,2463.0,73.92,81903.0,3408.0,2549.0,75946.0,33821.0,42125.0,55.5,19202.0,9284.0,-711.0,1872.0,1055.0,0.0,-3638.0,-4.8,31675.0,2.9,5.29,193.6,221430.0,176.04,5.96,0,4.161019742866562,3.1122181116686813,3.40002454891371,43.41692789968652,0.3900348432055749,0.35742160278745644,0.08278745644599303,0.16975609756097562,18.895004345192635,-3.283393501805054,27775.0,0.43862815884476536,5.169250163413951,2,6,0,18,7,65243.0,84848.0,79028.0,78521.5,-7293.0,939.0,-1517.0,-857.5,12085.0,12432.0,12221.0,12133.5,1,5.7451923076923075,2,Burn,TIER_3,0,0.4644709857858375,,0,0.845458591804129,1
W020,2023-02-13,2023,Q1,Feb,Valentine Promo,6244.0,5862.0,1269.0,2561.0,15936.0,1691183.0,40025.0,2.37,0.4,3614.0,1505.0,766.0,49.1,20.8,3019.0,81.32,122387.0,12601.0,5683.0,104103.0,48396.0,55707.0,53.5,19510.0,9824.0,10437.0,1876.0,1052.0,1877.0,5632.0,5.4,38507.0,2.6,6.53,249.6,219290.0,190.43,9.16,1,10.296028172926864,4.643467034897498,3.760149906308557,41.64360819037078,0.3918172690763052,0.3678463855421687,0.07963102409638555,0.16070532128514056,15.30791619838045,3.7421926910299,39771.0,0.5089700996677741,4.844046830130329,2,7,0,19,0,75946.0,88952.0,78200.0,76296.0,-3638.0,3777.0,-584.0,-2001.75,14350.0,11757.0,13437.0,12613.0,0,41.51442307692307,0,Steady,TIER_2,0,0.43818978289032207,,1,0.5988871005696065,1
W021,2023-02-20,2023,Q1,Feb,None,5280.0,4159.0,1089.0,2109.0,12637.0,1403777.0,29156.0,2.08,0.43,2630.0,1320.0,573.0,56.6,22.05,2592.0,80.69,106511.0,4020.0,4294.0,98197.0,46008.0,52189.0,53.1,19130.0,9860.0,10562.0,1880.0,1050.0,1908.0,5724.0,5.8,36484.0,2.6,7.77,313.0,226054.0,179.12,8.12,0,3.7742580578531797,4.031508482691929,4.527370009603512,50.19011406844106,0.41782068528923005,0.32911292237081585,0.0861755163409037,0.16689087599905042,12.869028585394664,4.336363636363636,39552.0,0.4340909090909091,5.430465803444879,2,8,0,20,1,104103.0,75043.0,94191.0,80083.75,5632.0,-853.0,2288.0,-1538.0,15936.0,12260.0,16219.0,13657.75,0,51.15384615384615,1,Efficient,TIER_1,0,0.4490300703279808,,0,0.9017965338550703,1
W022,2023-02-27,2023,Q1,Feb,None,5135.0,4369.0,1055.0,2156.0,12715.0,1375354.0,31882.0,2.32,0.4,2861.0,1108.0,538.0,51.4,23.63,2040.0,74.48,82524.0,2605.0,3469.0,76450.0,35691.0,40759.0,53.3,19781.0,8851.0,-588.0,1884.0,1048.0,0.0,-3520.0,-4.6,30304.0,2.8,6.01,220.6,230598.0,180.66,7.65,0,3.1566574572245645,4.203625611943193,3.475315224891788,38.72771758126529,0.4038537160833661,0.34360990955564297,0.08297286669288242,0.16956350766810854,16.631785480706345,-3.1768953068592056,28044.0,0.4855595667870036,5.577139816673519,2,9,0,21,2,98197.0,65243.0,102032.0,85872.25,5724.0,-7293.0,7324.0,106.25,12637.0,12085.0,15694.0,13752.0,1,18.77403846153846,2,Burn,TIER_3,0,0.427432417763829,,0,0.9331061907162312,1
W023,2023-03-06,2023,Q1,Mar,None,5902.0,4035.0,1097.0,2290.0,13324.0,1417305.0,28793.0,2.03,0.46,2801.0,1185.0,520.0,56.1,25.62,2451.0,77.77,92157.0,3222.0,3480.0,85455.0,38042.0,47413.0,55.5,19189.0,9433.0,5467.0,1888.0,1045.0,634.0,1900.0,2.2,34460.0,2.8,6.41,255.8,229280.0,193.26,7.54,0,3.496207558839806,3.776164588691038,4.115583648803529,42.30631917172438,0.4429600720504353,0.3028369858901231,0.0823326328429901,0.17187030921645152,15.591831958340647,1.6033755274261603,34089.0,0.4388185654008439,5.4660754303151675,3,10,0,22,3,76450.0,75946.0,87302.0,88674.0,-3520.0,-3638.0,2270.0,1049.5,12715.0,14350.0,13041.0,13909.5,0,25.817307692307693,1,Efficient,TIER_1,0,0.4021564887665283,,0,0.9499852991705909,1
W024,2023-03-13,2023,Q1,Mar,None,5424.0,4347.0,1195.0,1946.0,12912.0,1346376.0,30561.0,2.27,0.42,2952.0,1422.0,668.0,53.0,19.33,2887.0,82.63,117500.0,3722.0,5128.0,108650.0,45795.0,62855.0,57.9,19315.0,10048.0,20580.0,1892.0,1042.0,4412.0,13234.0,12.2,37696.0,2.4,8.41,386.8,234554.0,207.34,10.73,0,3.1676595744680855,4.364255319148936,4.652989103759694,48.170731707317074,0.4200743494423792,0.3366635687732342,0.09254956629491945,0.15071251548946715,11.88403129314312,9.306610407876232,49943.0,0.469760900140647,5.548290952099349,3,11,0,23,4,85455.0,104103.0,85520.0,91051.25,1900.0,5632.0,2714.0,2434.0,13324.0,15936.0,13583.0,13653.0,0,74.37500000000001,1,Efficient,TIER_1,0,0.532861251228786,,0,0.939555159450441,1
W025,2023-03-20,2023,Q1,Mar,Spring Launch,6332.0,5518.0,1363.0,2667.0,15880.0,1743786.0,38422.0,2.2,0.41,3151.0,1434.0,652.0,54.5,24.36,2745.0,76.17,109228.0,11733.0,6524.0,90971.0,39391.0,51580.0,56.7,19222.0,9866.0,6612.0,1896.0,1040.0,919.0,2757.0,3.0,37181.0,2.9,5.73,224.8,238343.0,193.41,7.94,1,10.74175119932618,5.972827480133299,3.73223673936807,45.509362107267535,0.39874055415617127,0.3474811083123426,0.08583123425692696,0.1679471032745592,17.456112387464138,1.9225941422594142,35700.0,0.45467224546722457,5.300280199252802,3,12,0,24,0,108650.0,98197.0,79789.0,92188.0,13234.0,5724.0,-1960.0,4334.5,12912.0,12637.0,15895.0,12897.0,0,22.572115384615387,0,Steady,TIER_2,0,0.4903683300657772,,1,0.394050210701113,1
W026,2023-03-27,2023,Q1,Mar,Spring Launch,6425.0,5907.0,1425.0,2587.0,16344.0,1796631.0,41160.0,2.29,0.4,3621.0,1617.0,800.0,50.5,20.43,3484.0,75.55,122164.0,16051.0,4262.0,101851.0,48005.0,53846.0,52.9,19404.0,9440.0,8658.0,1900.0,1038.0,1430.0,4290.0,4.2,39165.0,2.7,6.23,229.5,240404.0,176.85,8.66,1,13.138895255558102,3.488752824072558,3.9285714285714284,44.656172328086164,0.3931106216348507,0.361417033773862,0.08718795888399412,0.1582843857072932,16.04697057466299,2.6530612244897958,37502.0,0.49474335188620905,5.320084978312827,3,13,0,25,0,90971.0,76450.0,81551.0,90381.5,2757.0,-3520.0,808.0,3592.75,15880.0,12715.0,13138.0,13707.75,0,33.62980769230769,0,Steady,TIER_2,0,0.4750684246945291,,1,0.5642221545713153,1
W027,2023-04-03,2023,Q2,Apr,None,5843.0,4420.0,1222.0,2569.0,14054.0,1363944.0,26450.0,1.94,0.53,2116.0,1026.0,450.0,56.1,31.23,2099.0,84.94,87148.0,2874.0,3106.0,81168.0,36463.0,44705.0,55.1,19528.0,9219.0,1904.0,1904.0,1035.0,0.0,-1035.0,-1.3,26766.0,2.3,5.78,218.1,253672.0,190.4,6.1,0,3.2978381603708633,3.5640519575893883,3.8790170132325144,48.48771266540643,0.41575352212893124,0.314501209620037,0.08695033442436317,0.18279493382666856,17.314705302582297,-1.0087719298245614,30651.0,0.43859649122807015,5.926777411742716,4,14,0,26,1,101851.0,85455.0,77753.0,96731.75,4290.0,1900.0,-2143.0,5545.25,16344.0,13324.0,12506.0,14615.0,1,12.01923076923077,2,Burn,TIER_3,0,0.4651330680843153,,0,0.8965200099319242,1
W028,2023-04-10,2023,Q2,Apr,None,5829.0,4484.0,1313.0,2267.0,13893.0,1505818.0,32650.0,2.17,0.43,2781.0,1264.0,502.0,60.3,27.68,2491.0,77.15,97518.0,3140.0,3373.0,91005.0,40506.0,50499.0,55.5,19377.0,8482.0,8747.0,1908.0,1032.0,1452.0,4355.0,4.8,33964.0,2.6,6.55,263.5,250560.0,162.57,5.87,0,3.219918374043766,3.4588486228183517,3.8713629402756506,45.45127651923768,0.4195638091125027,0.32275246527028,0.09450802562441517,0.16317569999280213,15.266194165155762,3.445411392405063,36606.0,0.3971518987341772,6.001149645525963,4,15,0,27,2,81168.0,108650.0,84848.0,95660.0,-1035.0,13234.0,939.0,4811.5,14054.0,12912.0,12432.0,14797.5,0,27.860576923076923,2,Burn,TIER_3,0,0.4060420597131693,,0,0.7918656450509675,1
W029,2023-04-17,2023,Q2,Apr,None,5899.0,4029.0,1184.0,2586.0,13698.0,1389420.0,32190.0,2.32,0.43,2582.0,1238.0,501.0,59.5,27.34,2517.0,78.05,96626.0,2732.0,5683.0,88211.0,41791.0,46420.0,52.6,19778.0,9268.0,3676.0,1912.0,1030.0,184.0,550.0,0.6,38394.0,3.0,6.44,238.9,248316.0,177.61,6.5,0,2.827396352948482,5.881439778113552,3.8459148803976393,47.94732765298219,0.43064680975324865,0.2941305300043802,0.08643597605489853,0.18878668418747263,15.528675562004738,0.44426494345718903,32722.0,0.40468497576736673,5.809376754632229,4,16,0,28,3,91005.0,90971.0,88952.0,91248.75,4355.0,2757.0,3777.0,2591.75,13893.0,15880.0,11757.0,15042.75,0,20.43269230769231,2,Burn,TIER_3,0,0.4419464462403585,,0,0.9641540329314996,1
W030,2023-04-24,2023,Q2,Apr,None,5958.0,4728.0,1097.0,2155.0,13938.0,1363606.0,28478.0,2.09,0.49,2790.0,1181.0,518.0,56.1,26.91,2632.0,81.4,96133.0,3118.0,3970.0,89045.0,41780.0,47265.0,53.1,19512.0,9332.0,4483.0,1916.0,1028.0,385.0,1154.0,1.3,39809.0,3.1,6.39,239.1,249394.0,188.62,7.01,0,3.2434231741441546,4.129695317944931,4.147060889107381,42.32974910394265,0.4274644855789927,0.33921653034868704,0.07870569665662218,0.1546132874156981,15.65275984053007,0.9771380186282811,33327.0,0.4386113463166808,5.829414239633491,4,17,0,29,4,88211.0,101851.0,75043.0,90558.75,550.0,4290.0,-853.0,2040.0,13698.0,16344.0,12260.0,14497.25,0,23.533653846153847,1,Efficient,TIER_1,0,0.4070743572388885,,0,0.9516551545130641,1
W031,2023-05-01,2023,Q2,May,None,6706.0,4464.0,1326.0,2452.0,14948.0,1537357.0,31830.0,2.07,0.47,2798.0,1330.0,545.0,59.0,27.43,2889.0,82.07,109153.0,4738.0,4889.0,99526.0,45224.0,54302.0,54.6,19552.0,9353.0,10449.0,1920.0,1025.0,1876.0,5628.0,5.7,40676.0,2.9,6.66,263.3,253262.0,202.86,7.4,0,4.340696087143734,4.4790340164722915,4.178448005026705,47.53395282344532,0.44862188921594864,0.29863526893229864,0.08870751940058871,0.16403532245116403,15.019190965174928,4.231578947368421,39354.0,0.40977443609022557,5.775249127767769,5,18,0,30,5,89045.0,81168.0,65243.0,87357.25,1154.0,-1035.0,-7293.0,1256.0,13938.0,14054.0,12085.0,13895.75,0,37.06730769230769,1,Efficient,TIER_1,0,0.4075516256342009,,0,0.831578860426923,1
W032,2023-05-08,2023,Q2,May,None,5711.0,4681.0,1215.0,2427.0,14034.0,1515828.0,29298.0,1.93,0.48,2439.0,1046.0,498.0,52.4,28.18,2180.0,82.51,86305.0,2449.0,3606.0,80250.0,36138.0,44112.0,55.0,19355.0,9450.0,1273.0,1924.0,1022.0,0.0,-1673.0,-2.1,26674.0,2.3,5.72,214.3,267514.0,177.85,6.31,0,2.8376107989108394,4.178205202479578,3.570209570619155,42.886428864288646,0.4069402878723101,0.3335470999002423,0.08657545959811885,0.17293715262932877,17.48785046728972,-1.5994263862332696,30078.0,0.47609942638623326,6.244636896286094,5,19,0,31,6,99526.0,91005.0,75946.0,91946.75,5628.0,4355.0,-3638.0,2921.75,14948.0,13893.0,14350.0,14119.25,1,12.403846153846155,2,Burn,TIER_3,0,0.413381393922666,,0,0.719689658515352,1
W033,2023-05-15,2023,Q2,May,None,5710.0,4597.0,1351.0,2246.0,13904.0,1412333.0,29173.0,2.07,0.48,2758.0,1280.0,565.0,55.9,24.61,2783.0,83.95,107456.0,3494.0,4024.0,99938.0,45217.0,54721.0,54.8,19647.0,9764.0,11406.0,1928.0,1020.0,2114.0,6344.0,6.3,39938.0,2.8,7.19,293.6,259350.0,180.71,7.34,0,3.2515634306134604,3.744788564621799,4.387618688513351,46.410442349528644,0.4106731875719217,0.3306242807825086,0.0971662830840046,0.161536248561565,13.91262582801337,4.95625,40817.0,0.44140625,5.987533187117626,5,20,0,32,7,80250.0,88211.0,104103.0,89258.0,-1673.0,550.0,5632.0,1414.75,14034.0,13698.0,15936.0,14154.5,0,44.32692307692307,1,Efficient,TIER_1,0,0.399341391220007,,0,0.49748717352458316,1
W034,2023-05-22,2023,Q2,May,None,5625.0,4899.0,1296.0,2439.0,14259.0,1603807.0,29848.0,1.86,0.48,2019.0,1031.0,572.0,44.5,24.93,2021.0,81.73,84264.0,3164.0,3633.0,77467.0,35360.0,42107.0,54.4,19573.0,8443.0,-168.0,1932.0,1018.0,0.0,-3118.0,-4.0,32074.0,2.9,5.43,195.3,266028.0,192.87,7.74,0,3.7548656603057053,4.311449729421817,3.454167783436076,51.064883605745415,0.3944876919840101,0.3435724805386072,0.09088996423311593,0.17104986324426677,18.406547304013323,-3.0242483026188167,27848.0,0.5548011639185257,6.292797161442933,5,21,0,33,8,99938.0,89045.0,98197.0,92189.75,6344.0,1154.0,5724.0,2863.25,13904.0,13938.0,12637.0,14206.0,1,18.004807692307693,2,Burn,TIER_3,0,0.5254424872699842,,0,0.8522198738626066,1
W035,2023-05-29,2023,Q2,May,None,6262.0,4353.0,1258.0,2630.0,14503.0,1434395.0,28158.0,1.96,0.52,1940.0,963.0,376.0,61.0,36.36999999999999,2026.0,82.77,79708.0,2937.0,5154.0,71617.0,33859.0,37758.0,52.7,19513.0,9325.0,-5583.0,1936.0,1015.0,0.0,-8534.0,-11.9,29293.0,2.9,4.94,160.3,262212.0,182.27,4.73,0,3.684699151904451,6.466101269634164,3.4199872150010657,49.639175257731964,0.43177273667517063,0.30014479762807694,0.08674067434323933,0.18134179135351305,20.25077844645824,-8.861889927310488,23255.0,0.3904465212876428,6.0499757735169934,5,22,0,34,9,77467.0,99526.0,76450.0,89295.25,-3118.0,5628.0,-3520.0,1795.25,14259.0,14948.0,12715.0,14286.25,1,5.0,2,Burn,TIER_3,1,0.5792852342602369,CAC is 2.6 std dev above normal (36.37 vs typical 25.32),0,0.6780193568623901,1
W036,2023-06-05,2023,Q2,Jun,None,6516.0,4481.0,1309.0,2383.0,14689.0,1487970.0,31754.0,2.13,0.46,2901.0,1308.0,612.0,53.2,24.0,2770.0,80.43,105202.0,3163.0,5906.0,96133.0,44123.0,52010.0,54.1,19513.0,9366.0,8442.0,1940.0,1012.0,1372.0,4118.0,4.3,39549.0,2.9,6.54,254.1,255954.0,158.14,6.59,0,3.0065968327598336,5.61396171175453,4.119166089311583,45.08790072388831,0.4435972496425897,0.305058206821431,0.08911430322009667,0.16223024031588262,15.279872676396241,3.1483180428134556,37321.0,0.46788990825688076,5.874816378993757,6,23,0,35,10,71617.0,80250.0,85455.0,82318.0,-8534.0,-1673.0,1900.0,-1745.25,14503.0,14034.0,13324.0,14175.0,0,29.326923076923077,1,Efficient,TIER_1,0,0.4039807388419457,,0,0.6095574093868769,1
W037,2023-06-12,2023,Q2,Jun,None,6022.0,5768.0,1459.0,2161.0,15410.0,1581377.0,36338.0,2.3,0.42,3106.0,1320.0,548.0,58.5,28.12,2698.0,81.57,107672.0,1690.0,4111.0,101871.0,47131.0,54740.0,53.7,20225.0,10056.0,9049.0,1944.0,1010.0,1524.0,4571.0,4.5,40191.0,2.8,6.61,255.2,259542.0,188.9,6.72,0,1.5695816925477377,3.8180771231146444,3.6325609554736094,42.49839021249195,0.390785204412719,0.3743024010382868,0.09467878001297858,0.14023361453601557,15.126974310647782,3.462878787878788,39330.0,0.41515151515151516,5.680374690858156,6,24,0,36,11,96133.0,99938.0,108650.0,86288.75,4118.0,6344.0,13234.0,-297.5,14689.0,13904.0,12912.0,14338.75,0,30.192307692307693,2,Burn,TIER_3,0,0.4197104201012258,,0,0.6568542375993025,1
W038,2023-06-19,2023,Q2,Jun,None,5739.0,4588.0,1478.0,2460.0,14265.0,1507994.0,38022.0,2.52,0.38,3308.0,1339.0,590.0,55.9,24.18,2882.0,81.81,109544.0,3626.0,5497.0,100421.0,46990.0,53431.0,53.2,19680.0,9329.0,10157.0,1948.0,1008.0,1800.0,5401.0,5.4,37869.0,2.6,7.04,274.6,266512.0,158.61,6.56,0,3.3100854451179433,5.018074928795735,3.521645363210773,40.4776299879081,0.40231335436382754,0.32162635821941815,0.10361023484051875,0.17245005257623555,14.205196124316627,4.0336071695295,39166.0,0.4406273338312173,6.158709617784351,6,25,0,37,12,101871.0,77467.0,90971.0,86772.0,4571.0,-3118.0,2757.0,-740.75,15410.0,14259.0,15880.0,14715.25,0,38.36538461538461,1,Efficient,TIER_1,0,0.4617293657280865,,0,0.3403385727296078,1
W039,2023-06-26,2023,Q2,Jun,None,5768.0,4674.0,1301.0,2316.0,14059.0,1511267.0,30407.0,2.01,0.46,2262.0,1088.0,507.0,53.4,27.73,2183.0,82.26,89499.0,1493.0,3432.0,84574.0,37180.0,47394.0,56.0,19477.0,9545.0,4313.0,1952.0,1005.0,339.0,1017.0,1.2,30080.0,2.5,6.02,237.1,276762.0,180.41,6.51,0,1.6681750634085297,3.8346797170918108,3.5781234584141806,48.09902740937223,0.41027100078241696,0.33245607795718046,0.09253858738174835,0.16473433387865424,16.623312129023105,0.9347426470588235,33335.0,0.46599264705882354,6.424224135929992,6,26,0,38,13,100421.0,71617.0,101851.0,92510.5,5401.0,-8534.0,4290.0,1389.0,14265.0,14503.0,16344.0,14716.75,0,18.509615384615387,2,Burn,TIER_3,0,0.4224676595023411,,0,0.4690637945025405,1
W040,2023-07-03,2023,Q3,Jul,None,6421.0,5731.0,1314.0,2421.0,15887.0,1611248.0,37305.0,2.32,0.43,3164.0,1297.0,476.0,63.3,33.38,2803.0,84.17,109168.0,4238.0,3361.0,101569.0,47017.0,54552.0,53.7,19660.0,9769.0,9236.0,1956.0,1002.0,1570.0,4708.0,4.6,30885.0,2.1,6.39,243.4,280267.0,208.17,6.24,0,3.8820899897405834,3.078741023010406,3.4767457445382655,40.992414664981034,0.40416692893560774,0.3607351922955876,0.08270913325360357,0.1523887455152011,15.641583554037158,3.6299151888974555,38665.0,0.36700077101002315,6.184725041927796,7,27,0,39,14,84574.0,96133.0,81168.0,95749.75,1017.0,4118.0,-1035.0,3776.75,14059.0,14689.0,14054.0,14605.75,0,26.057692307692307,2,Burn,TIER_3,0,0.5075492753729618,,0,0.27725225626378885,1
W041,2023-07-10,2023,Q3,Jul,Mid-Year Sale,7643.0,7229.0,1653.0,2917.0,19442.0,2161874.0,50514.0,2.34,0.38,5103.0,2157.0,1013.0,53.0,19.19,4673.0,80.22,173035.0,17237.0,9198.0,146600.0,66065.0,80535.0,54.9,19822.0,10913.0,30358.0,1960.0,1000.0,6850.0,20548.0,14.0,57700.0,2.8,7.54,314.2,265686.0,209.08,10.9,1,9.961568468806888,5.3156875776577,4.270103337688562,42.26925338036449,0.3931179919761341,0.3718238864314371,0.08502211706614546,0.1500360045262833,13.26193724420191,9.526193787668058,61093.0,0.46963375057950857,5.294975785718556,7,28,0,40,0,101569.0,101871.0,91005.0,97108.75,4708.0,4571.0,4355.0,3924.25,15887.0,15410.0,13893.0,14905.25,0,71.27403846153847,0,Steady,TIER_2,0,0.460892296812922,,1,0.15286993201613885,1
W042,2023-07-17,2023,Q3,Jul,Mid-Year Sale,7555.0,5525.0,1448.0,2588.0,17116.0,1774277.0,40406.0,2.28,0.42,3701.0,1500.0,804.0,46.4,21.29,2625.0,78.7,118050.0,10688.0,6408.0,100954.0,42763.0,58191.0,57.6,19974.0,9938.0,11163.0,1964.0,998.0,2050.0,6151.0,6.1,39114.0,2.7,5.9,240.0,289312.0,173.86,8.17,1,9.053790766624312,5.428208386277001,3.712319952482305,40.529586598216696,0.4413998597803225,0.3227973825660201,0.08459920542182753,0.15120355223182988,16.954256394001227,4.100666666666666,41075.0,0.536,6.151909500722973,7,29,0,41,0,146600.0,100421.0,88211.0,108291.0,20548.0,5401.0,550.0,7918.5,19442.0,14265.0,13698.0,15913.25,0,32.90865384615385,0,Steady,TIER_2,0,0.5289392924835292,,1,0.520604211037406,1
W043,2023-07-24,2023,Q3,Jul,None,5887.0,4974.0,1337.0,2212.0,14410.0,1374483.0,29756.0,2.16,0.48,2570.0,1268.0,560.0,55.8,25.73,2844.0,79.28,100527.0,2472.0,5365.0,92690.0,39681.0,53009.0,57.2,20009.0,9630.0,8960.0,1968.0,995.0,1499.0,4498.0,4.9,37289.0,2.8,6.43,267.9,295354.0,185.98,7.23,0,2.459040854695753,5.336874670486536,4.261325446968678,49.33852140077821,0.4085357390700902,0.34517696044413604,0.09278278972935461,0.15350451075641916,15.546445139713022,3.547318611987382,38599.0,0.4416403785488959,6.705123839360712,7,30,0,42,1,100954.0,84574.0,89045.0,108424.25,6151.0,1017.0,1154.0,8106.0,17116.0,14059.0,13938.0,16626.0,0,32.76442307692308,1,Efficient,TIER_1,0,0.4528385321013309,,0,0.6912458419554016,1
W044,2023-07-31,2023,Q3,Jul,None,6278.0,5230.0,1304.0,2579.0,15391.0,1489932.0,31427.0,2.11,0.49,2561.0,1119.0,526.0,53.0,29.26,1941.0,82.25,92038.0,1904.0,3796.0,86338.0,38100.0,48238.0,55.9,20067.0,8999.0,3781.0,1972.0,992.0,204.0,613.0,0.7,28189.0,2.3,5.61,213.4,306732.0,193.69,6.62,0,2.068710749907647,4.12438340685369,3.5606325770833993,43.69386958219445,0.4079007212007017,0.33980897927360143,0.08472483919173543,0.1675654603339614,17.82644953554634,0.5478105451295799,32847.0,0.4700625558534406,6.899520885349888,7,31,0,43,2,92690.0,101569.0,99526.0,110453.25,4498.0,4708.0,5628.0,8976.25,14410.0,15887.0,14948.0,16713.75,0,16.346153846153847,2,Burn,TIER_3,0,0.43182524694628627,,0,0.534588604318971,1
W045,2023-08-07,2023,Q3,Aug,None,6227.0,5725.0,1335.0,2403.0,15690.0,1680954.0,35578.0,2.12,0.44,2912.0,1271.0,637.0,49.9,24.63,2575.0,82.03,104260.0,3291.0,4553.0,96416.0,44352.0,52064.0,54.0,19836.0,9233.0,7305.0,1976.0,990.0,1085.0,3254.0,3.4,39126.0,2.8,6.15,231.8,299398.0,209.71,8.51,0,3.156531747554191,4.366967197391138,3.5724324020462084,43.64697802197802,0.39687699171446783,0.3648820905035054,0.08508604206500955,0.15315487571701722,16.27323265847992,2.5601888276947284,36374.0,0.5011801730920535,6.689112804128778,8,32,0,44,3,86338.0,146600.0,80250.0,106645.5,613.0,20548.0,-1673.0,7952.5,15391.0,19442.0,14034.0,16589.75,0,33.91826923076923,2,Burn,TIER_3,0,0.38965716317421084,,0,0.507077691961315,1
W046,2023-08-14,2023,Q3,Aug,None,6266.0,4751.0,1229.0,2045.0,14291.0,1453705.0,29637.0,2.04,0.48,2014.0,994.0,451.0,54.6,31.69,2210.0,82.85,82353.0,2454.0,4200.0,75699.0,34411.0,41288.0,54.5,20067.0,9185.0,-2255.0,1980.0,988.0,0.0,-5223.0,-6.9,34987.0,3.2,5.3,188.9,300294.0,182.97,5.77,0,2.9798550143892757,5.09999635714546,3.353915713466275,49.3545183714002,0.4384577706248688,0.33244699461199356,0.08599818067315093,0.1430970540899867,18.87871702400296,-5.254527162977867,26997.0,0.4537223340040241,6.8964931217417265,8,33,0,45,4,96416.0,100954.0,99938.0,94099.5,3254.0,6151.0,6344.0,3629.0,15690.0,17116.0,13904.0,15651.75,1,8.75,2,Burn,TIER_3,0,0.44705005287876876,,0,0.8602575754094596,1
W047,2023-08-21,2023,Q3,Aug,None,6539.0,5009.0,1159.0,2626.0,15333.0,1632853.0,30866.0,1.89,0.5,2687.0,1352.0,591.0,56.3,25.94,2788.0,89.57,121099.0,3276.0,5829.0,111994.0,51067.0,60927.0,54.4,19856.0,10151.0,15587.0,1984.0,985.0,3154.0,9464.0,8.5,42909.0,2.7,7.3,297.4,299088.0,197.68,7.62,0,2.7052246509054574,4.8134171215286665,4.380224194907018,50.31633792333457,0.42646579273462465,0.32668101480466966,0.07558859975216853,0.17126459270853714,13.69091201314356,7.0,45594.0,0.4371301775147929,6.596559329510366,8,34,0,46,5,75699.0,92690.0,77467.0,87785.75,-5223.0,4498.0,-3118.0,785.5,14291.0,14410.0,14259.0,14945.5,0,51.49038461538462,1,Efficient,TIER_1,0,0.4313422960494053,,0,0.4934055790380505,1
W048,2023-08-28,2023,Q3,Aug,None,6248.0,5364.0,1113.0,2532.0,15257.0,1651831.0,30864.0,1.87,0.49,2832.0,1317.0,486.0,63.1,31.39,2534.0,80.67,106242.0,3241.0,4446.0,98555.0,47009.0,51546.0,52.3,19941.0,9651.0,6697.0,1988.0,982.0,932.0,2795.0,2.8,37208.0,2.6,6.46,237.9,308174.0,196.8,6.27,0,3.050582632104064,4.18478567798046,4.26710730948678,46.50423728813559,0.40951694304253783,0.3515763256210264,0.072950121255817,0.16595661008061874,15.48069605803866,2.122247532270311,36289.0,0.3690205011389522,6.871368369417378,8,35,0,47,6,111994.0,86338.0,71617.0,92611.75,9464.0,613.0,-8534.0,2027.0,15333.0,15391.0,14503.0,15176.25,0,24.71153846153846,2,Burn,TIER_3,0,0.4880654679257273,,0,0.6935992310187078,1
W049,2023-09-04,2023,Q3,Sep,None,6430.0,5230.0,1197.0,2355.0,15212.0,1628486.0,35794.0,2.2,0.42,2591.0,1193.0,579.0,51.5,26.27,2349.0,83.89,100081.0,4664.0,3207.0,92210.0,40407.0,51803.0,56.2,19914.0,10026.0,6651.0,1992.0,980.0,920.0,2759.0,3.0,36180.0,2.7,6.06,240.5,312574.0,192.71,7.34,0,4.660225217573765,3.204404432409748,3.332960831424261,46.043998456194515,0.42269261109650275,0.3438075203786484,0.0786878779910597,0.1548119905337891,16.497126125149116,2.3126571668063707,36591.0,0.4853310980720872,6.922705527994331,9,36,0,48,7,98555.0,96416.0,96133.0,95666.0,2795.0,3254.0,4118.0,2572.5,15257.0,15690.0,14689.0,15142.75,0,26.27403846153846,2,Burn,TIER_3,0,0.4397581164237546,,0,0.6212048520484701,1
W050,2023-09-11,2023,Q3,Sep,None,6151.0,4929.0,1253.0,2244.0,14577.0,1603469.0,33007.0,2.06,0.44,2631.0,1259.0,573.0,54.5,25.44,2799.0,86.12,108425.0,3796.0,4978.0,99651.0,45161.0,54490.0,54.7,19892.0,9822.0,10199.0,1996.0,978.0,1806.0,5419.0,5.4,45968.0,3.2,6.84,273.8,307492.0,208.06,8.18,0,3.501037583583122,4.591192068249943,3.8143424122155904,47.852527556062334,0.4219661109967757,0.33813541881045484,0.08595733004047472,0.1539411401522947,14.628051901134961,4.3042096902303415,39913.0,0.4551231135822081,6.942539116299022,9,37,0,49,8,92210.0,75699.0,101871.0,94614.5,2759.0,-5223.0,4571.0,2448.75,15212.0,14291.0,15410.0,15023.25,0,46.10576923076923,1,Efficient,TIER_1,0,0.37392866506917494,,0,0.541112035260371,1
W051,2023-09-18,2023,Q3,Sep,None,6228.0,5000.0,1265.0,2609.0,15102.0,1531941.0,30801.0,2.01,0.49,2333.0,973.0,408.0,58.1,36.36999999999999,1819.0,83.0,80759.0,2931.0,4331.0,73497.0,33560.0,39937.0,54.3,20380.0,9034.0,-4579.0,2000.0,975.0,0.0,-7554.0,-10.3,24919.0,2.4,4.87,164.4,322986.0,169.32,4.57,0,3.629316856325611,5.362869773028393,3.1589883445342686,41.70595799399914,0.4123957091775924,0.33108197589723215,0.08376373990199973,0.17275857502317574,20.547777460304502,-7.763617677286742,24835.0,0.4193216855087359,7.255503639140983,9,38,0,50,9,99651.0,111994.0,100421.0,100602.5,5419.0,9464.0,5401.0,5109.25,14577.0,15333.0,14265.0,15094.75,1,7.163461538461539,2,Burn,TIER_3,0,0.5065912288166488,,0,0.49093486325491653,1
W052,2023-09-25,2023,Q3,Sep,None,6354.0,4548.0,1462.0,2518.0,14882.0,1460603.0,30691.0,2.1,0.48,2372.0,1127.0,524.0,53.5,28.4,2519.0,90.51,102005.0,3577.0,3613.0,94815.0,42150.0,52665.0,55.5,20337.0,9744.0,7702.0,2004.0,972.0,1182.0,3544.0,3.7,36800.0,2.7,6.37,253.9,314882.0,208.4,7.34,0,3.5066908484878194,3.5419832361158767,3.6720862793652866,47.51264755480607,0.42695874210455587,0.30560408547238277,0.09823948394033061,0.1691976884827308,15.695828719084535,3.144631765749778,37783.0,0.4649511978704525,7.003135911749661,9,39,0,51,10,73497.0,98555.0,84574.0,90978.25,-7554.0,2795.0,1017.0,854.75,15102.0,15257.0,14059.0,15037.0,0,31.009615384615387,2,Burn,TIER_3,0,0.40524600464198024,,0,0.2760921358538953,1
W053,2023-10-02,2023,Q4,Oct,None,5773.0,5228.0,1465.0,3029.0,15495.0,1628007.0,36129.0,2.22,0.43,3086.0,1584.0,692.0,56.3,22.39,3316.0,81.61,129270.0,5026.0,6478.0,117766.0,53468.0,64298.0,54.6,20429.0,10414.0,17960.0,2008.0,970.0,3746.0,11236.0,9.5,40984.0,2.4,7.6,315.0,318324.0,164.96,7.37,0,3.8879863850854797,5.011216832985225,4.384289628830026,51.328580686973424,0.37257179735398516,0.33739916101968376,0.09454662794449822,0.19548241368183286,13.157447820253724,7.093434343434343,48803.0,0.43686868686868685,6.869610255082222,10,40,1,52,11,94815.0,92210.0,101569.0,90043.25,3544.0,2759.0,4708.0,1042.0,14882.0,15212.0,15887.0,14943.25,0,56.394230769230774,1,Efficient,TIER_1,0,0.4301468258345834,,0,0.5019359448677143,1
W054,2023-10-09,2023,Q4,Oct,None,6267.0,5202.0,1265.0,2665.0,15399.0,1688281.0,35911.0,2.13,0.43,2454.0,1203.0,528.0,56.1,29.16,2354.0,84.04,101100.0,2918.0,4818.0,93364.0,40529.0,52835.0,56.6,20273.0,9974.0,7189.0,2012.0,968.0,1052.0,3157.0,3.4,33435.0,2.5,6.06,243.1,329463.0,184.72,6.33,0,2.8862512363996045,4.765578635014837,3.349948483751497,49.02200488997555,0.4069744788622638,0.33781414377556984,0.08214819144100266,0.1730631859211637,16.493509275523756,2.6242726517040733,37436.0,0.4389027431421446,7.217784690882005,10,41,1,53,12,117766.0,99651.0,146600.0,96432.25,11236.0,5419.0,20548.0,3161.25,15495.0,14577.0,19442.0,15014.0,0,22.620192307692307,2,Burn,TIER_3,0,0.4197717405917645,,0,0.44587659594692225,1
W055,2023-10-16,2023,Q4,Oct,Festive Sale,7294.0,6338.0,1634.0,3128.0,18394.0,2109857.0,46450.0,2.2,0.4,4177.0,1817.0,880.0,51.6,20.9,3689.0,77.18,140236.0,12600.0,7152.0,120484.0,56697.0,63787.0,52.9,20456.0,11147.0,13790.0,2016.0,965.0,2702.0,8107.0,6.7,45545.0,2.6,6.55,246.8,323422.0,181.76,8.7,1,8.984854103083375,5.099974328988277,3.9117330462863293,43.50011970313622,0.3965423507665543,0.344568881156899,0.08883331521148201,0.17005545286506468,15.266757411772517,4.4617501375894335,45393.0,0.48431480462300497,6.468828129687782,10,42,1,54,0,93364.0,73497.0,100954.0,94860.5,3157.0,-7554.0,6151.0,2595.75,15399.0,15102.0,17116.0,15219.5,0,45.98557692307693,0,Steady,TIER_2,0,0.4343132984710593,,1,0.22570260907966766,1
W056,2023-10-23,2023,Q4,Oct,Festive Sale,7185.0,5977.0,1546.0,3002.0,17710.0,1860026.0,46202.0,2.48,0.38,4206.0,1888.0,767.0,59.4,23.09,3734.0,78.7,148586.0,16151.0,7723.0,124712.0,55559.0,69153.0,55.5,19973.0,10222.0,21248.0,2020.0,962.0,4566.0,13700.0,11.0,54112.0,3.0,7.04,290.5,323726.0,182.8,7.92,1,10.869799308144778,5.197663306098825,4.086403186009264,44.88825487398954,0.40570299265951437,0.33749294184076795,0.08729531338226991,0.16950875211744776,14.20071845532106,7.25635593220339,51443.0,0.40625,6.757666214382632,10,43,1,55,0,120484.0,94815.0,92690.0,106607.25,8107.0,3544.0,4498.0,6511.0,18394.0,14882.0,14410.0,16042.5,0,56.27403846153846,0,Steady,TIER_2,0,0.474771251043912,,1,0.4999861062394176,1
W057,2023-10-30,2023,Q4,Oct,Festive Sale,7357.0,6408.0,1555.0,3203.0,18523.0,1761431.0,44685.0,2.54,0.41,3708.0,1749.0,878.0,49.8,21.1,3855.0,80.71,141162.0,14793.0,5568.0,120801.0,57741.0,63060.0,52.2,20541.0,10391.0,13605.0,2024.0,960.0,2655.0,7966.0,6.6,54607.0,3.2,6.52,240.4,329238.0,172.92,8.2,1,10.479449143537213,3.944404301440898,3.9140651225243372,47.16828478964401,0.3971818819845597,0.3459482805161151,0.0839496841764293,0.17292015332289587,15.333482338722362,4.554602630074328,44537.0,0.5020011435105775,6.657324840764331,10,44,1,56,0,124712.0,117766.0,86338.0,114081.5,13700.0,11236.0,613.0,9050.0,17710.0,15495.0,15391.0,16749.5,0,42.76442307692308,0,Steady,TIER_2,0,0.48868983616082273,,1,0.24848693800492289,1
W058,2023-11-06,2023,Q4,Nov,None,7006.0,5617.0,1359.0,2674.0,16656.0,1616658.0,35149.0,2.17,0.47,2290.0,992.0,401.0,59.6,36.36999999999999,2170.0,86.16,85471.0,2067.0,2741.0,80663.0,36499.0,44164.0,54.8,20434.0,9797.0,-2723.0,2028.0,958.0,0.0,-5709.0,-7.1,32098.0,2.8,4.84,165.2,348066.0,187.7,4.52,0,2.4183641235038786,3.206935685788162,2.8222709038663973,43.31877729257642,0.4206292026897214,0.3372358309317964,0.08159221902017291,0.1605427473583093,20.648872469409767,-5.755040322580645,27508.0,0.40423387096774194,7.423507582058993,11,45,1,57,1,120801.0,93364.0,96416.0,114840.25,7966.0,3157.0,3254.0,8232.5,18523.0,15399.0,15690.0,17506.5,1,7.115384615384615,2,Burn,TIER_3,1,0.5676491206806447,marketing % of revenue is 2.7 std dev above normal (20.65 vs typical 14.83),0,0.6638410161981584,1
W059,2023-11-13,2023,Q4,Nov,None,5947.0,5292.0,1397.0,2781.0,15417.0,1616638.0,36310.0,2.25,0.42,2797.0,1147.0,497.0,56.7,31.02,2172.0,84.49,96910.0,2805.0,3947.0,90158.0,41960.0,48198.0,53.5,20560.0,9816.0,2405.0,2032.0,955.0,0.0,-582.0,-0.6,32902.0,2.6,5.85,212.6,348712.0,186.86,6.02,0,2.894438138479001,4.072851098957796,3.1589093913522444,41.008223096174476,0.38574301096192515,0.3432574430823117,0.09061425698903808,0.18038528896672504,17.09998003504958,-0.5074106364428945,32781.0,0.43330427201394944,7.6149629856091545,11,46,1,58,2,80663.0,120484.0,75699.0,111665.0,-5709.0,8107.0,-5223.0,6016.0,16656.0,18394.0,14291.0,17820.75,1,15.0,2,Burn,TIER_3,0,0.4347402886207006,,0,0.6731158268755804,1
W060,2023-11-20,2023,Q4,Nov,Black Friday,7965.0,6320.0,1540.0,2902.0,18727.0,1915837.0,47633.0,2.49,0.39,4519.0,1940.0,1042.0,46.3,17.97,3980.0,84.22,163387.0,17227.0,8515.0,137645.0,62363.0,75282.0,54.7,20542.0,10584.0,25429.0,2036.0,952.0,5610.0,16831.0,12.2,66030.0,3.4,7.35,302.0,326035.0,197.65,11.0,1,10.543678505633864,5.211552938728295,4.07280666764638,42.92985173710998,0.4253217279863299,0.3374806429219843,0.08223420729428098,0.15496342179740483,13.605288967997383,8.675773195876289,56555.0,0.5371134020618556,6.539927386516358,11,47,1,59,0,90158.0,124712.0,111994.0,104083.5,-582.0,13700.0,9464.0,3843.75,15417.0,17710.0,15333.0,17076.5,0,69.61538461538461,0,Steady,TIER_2,0,0.4908473340677224,,1,0.31299394045311174,1
W061,2023-11-27,2023,Q4,Nov,Black Friday,6574.0,6185.0,1694.0,2918.0,17371.0,1844158.0,45542.0,2.47,0.38,2859.0,1286.0,650.0,49.5,26.72,2567.0,79.97,102841.0,8722.0,4182.0,89937.0,40708.0,49229.0,54.7,20296.0,9219.0,2343.0,2040.0,950.0,0.0,-647.0,-0.7,32638.0,2.5,5.18,183.4,360820.0,196.62,7.36,1,8.481053276416993,4.066471543450569,2.823767072153177,44.98076250437216,0.37844683668182605,0.3560531921017788,0.09751885326118243,0.1679811179552127,19.31463135305825,-0.5031104199066874,31858.0,0.505443234836703,7.6956874120206455,11,48,1,60,0,137645.0,120801.0,98555.0,107316.75,16831.0,7966.0,2795.0,4626.5,18727.0,18523.0,15257.0,17330.75,1,18.58173076923077,2,Burn,TIER_3,1,0.5660264510708685,conversion rate % is 2.5 std dev below normal (2.82 vs typical 3.79),1,0.5733943651786483,1
W062,2023-12-04,2023,Q4,Dec,None,6165.0,5220.0,1229.0,2464.0,15078.0,1621161.0,35538.0,2.19,0.42,2922.0,1438.0,667.0,53.6,22.61,3243.0,82.6,118779.0,4097.0,4686.0,109996.0,49094.0,60902.0,55.4,20224.0,10045.0,15555.0,2044.0,948.0,3141.0,9422.0,8.6,39286.0,2.5,7.3,303.9,360927.0,156.16,6.91,0,3.4492629168455706,3.945141817998131,4.046372896617705,49.21286789869952,0.40887385594906483,0.34619976124154395,0.08150948401644781,0.16341689879294335,13.707771191679697,6.552155771905424,45824.0,0.46383866481223923,7.9592255275982975,12,49,1,61,1,89937.0,80663.0,92210.0,99600.75,-647.0,-5709.0,2759.0,2473.25,17371.0,16656.0,15212.0,17042.75,0,50.38461538461538,1,Efficient,TIER_1,0,0.39136236246529166,,0,0.8844124077896862,1
W063,2023-12-11,2023,Q4,Dec,None,6386.0,4958.0,1336.0,2691.0,15371.0,1618237.0,35435.0,2.19,0.43,2677.0,1219.0,515.0,57.8,29.85,2362.0,92.87,113209.0,3839.0,3445.0,105925.0,48161.0,57764.0,54.5,20418.0,9747.0,12228.0,2048.0,945.0,2309.0,6926.0,6.5,32731.0,2.2,6.89,275.8,372993.0,199.95,6.7,0,3.391073147894602,3.043044280931728,3.440101594468745,45.53604781471797,0.41545768004684147,0.3225554615835014,0.08691692147550582,0.17506993689415132,14.511210762331839,5.681706316652995,42393.0,0.4224774405250205,8.191167427969079,12,50,1,62,2,109996.0,90158.0,99651.0,106934.0,9422.0,-582.0,5419.0,6256.0,15078.0,15417.0,14577.0,16648.25,0,42.644230769230774,2,Burn,TIER_3,0,0.42206380726408294,,0,0.8751410190775205,1
W064,2023-12-18,2023,Q4,Dec,Year-End Sale,7763.0,6303.0,1864.0,3328.0,19258.0,2162678.0,51427.0,2.38,0.37,4702.0,1681.0,738.0,56.1,26.09,3854.0,81.81,137523.0,17587.0,8117.0,111819.0,51115.0,60704.0,54.3,20714.0,9613.0,11119.0,2052.0,942.0,2031.0,6094.0,5.4,48736.0,3.1,5.81,215.2,362087.0,188.7,7.23,1,12.78840630294569,5.9022854358907235,3.2687109883913124,35.750744364100385,0.40310520303250597,0.32729255374389865,0.09679094402326306,0.17281129920033234,17.222475607902055,3.6252230814991075,41446.0,0.43902439024390244,7.302349500857114,12,51,1,63,0,105925.0,137645.0,73497.0,110875.75,6926.0,16831.0,-7554.0,8133.0,15371.0,18727.0,15102.0,16636.75,0,28.701923076923077,0,Steady,TIER_2,0,0.5416990786159438,,1,0.09898884305628246,1
W065,2023-12-25,2023,Q4,Dec,None,6645.0,5199.0,1360.0,2474.0,15678.0,1591209.0,30796.0,1.94,0.51,2451.0,1078.0,499.0,53.7,31.42,2259.0,81.57,87932.0,2618.0,4538.0,80776.0,35801.0,44975.0,55.7,20774.0,9373.0,-850.0,2056.0,940.0,0.0,-3846.0,-4.8,33823.0,2.9,5.15,186.9,375210.0,189.48,6.03,0,2.977300641404722,5.160806077423464,3.5004546044940903,43.98204814361485,0.42384232682740147,0.331611174894757,0.08674575838754943,0.15780073989029214,19.409230464494403,-3.5677179962894248,29297.0,0.46289424860853434,8.187888707037644,12,52,1,64,1,111819.0,89937.0,94815.0,104419.25,6094.0,-647.0,3544.0,5448.75,19258.0,17371.0,14882.0,16769.5,1,10.79326923076923,2,Burn,TIER_3,0,0.47045144778677367,,0,0.8739086074026413,1
W066,2024-01-01,2024,Q1,Jan,None,6100.0,5479.0,1345.0,2264.0,15188.0,1542138.0,34006.0,2.21,0.45,3000.0,1032.0,476.0,53.9,31.91,2023.0,81.75,84366.0,2631.0,4316.0,77419.0,34914.0,42505.0,54.9,20382.0,9215.0,-2280.0,2060.0,938.0,0.0,-5278.0,-6.8,36907.0,3.3,5.1,179.9,368908.0,193.93,6.08,0,3.118554868074817,5.115804945120072,3.034758572016703,34.4,0.4016328680537266,0.36074532525678166,0.08855675533315775,0.14906505135633394,19.61792324881489,-5.114341085271318,27317.0,0.46124031007751937,8.237311599866027,1,1,0,65,2,80776.0,109996.0,117766.0,102129.0,-3846.0,9422.0,11236.0,4649.0,15678.0,15078.0,15495.0,16346.25,1,11.08173076923077,2,Burn,TIER_3,0,0.5141013810110119,,0,0.5956661050015503,1
W067,2024-01-08,2024,Q1,Jan,None,5655.0,5321.0,1234.0,2392.0,14602.0,1627185.0,30862.0,1.9,0.47,2763.0,1186.0,541.0,54.4,26.99,2394.0,81.0,96066.0,2199.0,5067.0,88800.0,39556.0,49244.0,55.5,20495.0,10104.0,4043.0,2064.0,935.0,261.0,783.0,0.9,28808.0,2.3,6.08,237.2,379462.0,192.42,7.13,0,2.2890512772468927,5.274498782087314,3.8429136154494197,42.92435758233804,0.38727571565538965,0.3644021366936036,0.08450897137378441,0.1638131762772223,16.443693693693696,0.6602023608768971,34642.0,0.45615514333895446,8.394991261255282,1,2,0,66,3,77419.0,105925.0,93364.0,93984.75,-5278.0,6926.0,3157.0,974.0,15188.0,15371.0,15399.0,16373.75,0,24.254807692307693,2,Burn,TIER_3,0,0.4084469190841834,,0,0.6445899982652253,1
W068,2024-01-15,2024,Q1,Jan,None,5631.0,4942.0,1281.0,2309.0,14163.0,1401906.0,27769.0,1.98,0.51,2768.0,1193.0,547.0,54.1,25.89,2391.0,87.43,104304.0,1761.0,5175.0,97368.0,46788.0,50580.0,51.9,20581.0,10291.0,5545.0,2068.0,932.0,636.0,1909.0,2.0,42679.0,3.1,6.87,257.1,368614.0,186.43,7.2,0,1.6883341003221353,4.961458812701334,4.296157585797112,43.09971098265896,0.39758525736072864,0.34893737202570074,0.09044693920779495,0.1630304314057756,14.54584668474242,1.6001676445934618,36417.0,0.4585079631181894,8.185056067503053,1,3,0,67,4,88800.0,111819.0,120484.0,89703.5,783.0,6094.0,8107.0,-561.75,14602.0,19258.0,18394.0,16181.5,0,36.05769230769231,1,Efficient,TIER_1,0,0.46082037610858306,,0,0.6842045104479392,1
W069,2024-01-22,2024,Q1,Jan,None,6197.0,4576.0,1232.0,2518.0,14523.0,1571082.0,36065.0,2.3,0.4,3007.0,1249.0,564.0,54.8,25.75,2432.0,83.14,103842.0,3209.0,4470.0,96163.0,43447.0,52716.0,54.8,20690.0,9674.0,7829.0,2072.0,930.0,1207.0,3620.0,3.8,36812.0,2.7,6.62,263.0,378363.0,184.15,7.15,0,3.090271759018509,4.304616629109609,3.4631914598641345,41.53641503159295,0.42670247194105904,0.31508641465262,0.08483095779109,0.173380155615231,15.102482243690401,2.8983186549239393,38193.0,0.45156124899919936,8.42923340833649,1,4,0,68,5,97368.0,80776.0,124712.0,86090.75,1909.0,-3846.0,13700.0,-1608.0,14163.0,15678.0,17710.0,14907.75,0,35.81730769230769,2,Burn,TIER_3,0,0.393883328262781,,0,0.7393385484676357,1
W070,2024-01-29,2024,Q1,Jan,None,5798.0,4481.0,1228.0,1999.0,13506.0,1403882.0,31251.0,2.23,0.43,2750.0,1296.0,521.0,59.8,25.92,2736.0,84.89,110017.0,3514.0,4807.0,101696.0,47950.0,53746.0,52.8,20514.0,10051.0,9675.0,2076.0,928.0,1668.0,5003.0,4.9,41924.0,2.9,7.53,297.9,377828.0,184.95,7.14,0,3.1940518283537997,4.369324740721888,4.147067293846598,47.127272727272725,0.42929068562120537,0.33177846882866874,0.09092255293943433,0.14800829261069154,13.280758338577723,3.8603395061728394,40240.0,0.4020061728395062,8.57316602754646,1,5,0,69,6,96163.0,77419.0,120801.0,89937.5,3620.0,-5278.0,7966.0,258.5,14523.0,15188.0,18523.0,14619.0,0,47.21153846153847,1,Efficient,TIER_1,0,0.4256298635123582,,0,0.6951706508789139,1
W071,2024-02-05,2024,Q1,Feb,None,5558.0,5467.0,1221.0,2322.0,14568.0,1577499.0,36647.0,2.32,0.4,2680.0,1308.0,575.0,56.0,25.34,2554.0,84.34,110317.0,4110.0,4587.0,101620.0,45789.0,55831.0,54.9,20535.0,9419.0,11309.0,2080.0,925.0,2076.0,6228.0,6.1,31918.0,2.2,6.98,283.2,393028.0,210.43,8.3,0,3.7256270565733294,4.158017350000454,3.569187109449614,48.80597014925373,0.3815211422295442,0.375274574409665,0.08381383855024711,0.15939044481054365,14.33576067703208,4.761467889908257,41263.0,0.4396024464831804,8.827725618795203,2,6,0,70,7,101696.0,88800.0,80663.0,96006.75,5003.0,783.0,-5709.0,2828.75,13506.0,14602.0,16656.0,14198.5,0,51.89903846153847,1,Efficient,TIER_1,0,0.40471345145188725,,0,0.525642977196867,1
W072,2024-02-12,2024,Q1,Feb,Valentine Promo,6673.0,6104.0,1579.0,2767.0,17123.0,1988410.0,44923.0,2.26,0.38,4246.0,1761.0,874.0,50.4,19.59,3237.0,83.64,147290.0,16979.0,9733.0,120578.0,55025.0,65553.0,54.4,20693.0,10353.0,17384.0,2084.0,922.0,3594.0,10784.0,8.9,52900.0,3.1,7.04,282.8,379522.0,181.11,9.25,1,11.527598614977256,6.608052142032725,3.9200409589742446,41.474328780028266,0.38970974712375167,0.3564795888570928,0.0922151492145068,0.1615955148046487,14.200766308945248,6.123793299261783,48430.0,0.49630891538898353,7.878967800867778,2,7,0,71,0,101620.0,97368.0,90158.0,99211.75,6228.0,1909.0,-582.0,4190.0,14568.0,14163.0,15417.0,14190.0,0,59.63942307692308,0,Steady,TIER_2,0,0.5002640809659439,,1,0.2522048719039432,1
W073,2024-02-19,2024,Q1,Feb,None,5788.0,5287.0,1231.0,2092.0,14398.0,1481059.0,28542.0,1.93,0.5,2252.0,938.0,380.0,59.5,36.36999999999999,1927.0,81.87,76794.0,3027.0,3797.0,69970.0,30511.0,39459.0,56.4,20916.0,9707.0,-5562.0,2088.0,920.0,0.0,-8570.0,-12.2,28790.0,2.9,4.86,174.1,397150.0,193.06,5.1,0,3.941714196421595,4.9443966976586715,3.286384976525822,41.651865008880996,0.4020002778163634,0.367203778302542,0.08549798583136546,0.14529795804972914,20.577390310132916,-9.136460554371002,25061.0,0.4051172707889126,8.82143888407632,2,8,0,72,1,120578.0,96163.0,137645.0,105014.25,10784.0,3620.0,16831.0,6408.75,17123.0,14523.0,18727.0,14930.0,1,8.990384615384615,2,Burn,TIER_3,0,0.5222127655752901,,0,0.6753423102485097,1
W074,2024-02-26,2024,Q1,Feb,None,6449.0,4524.0,1380.0,2347.0,14700.0,1671536.0,34499.0,2.06,0.43,2778.0,1307.0,591.0,54.8,24.87,2462.0,81.18,106102.0,2548.0,4381.0,99173.0,44373.0,54800.0,55.3,20684.0,10470.0,8946.0,2092.0,918.0,1484.0,4452.0,4.5,37531.0,2.6,6.75,272.8,392728.0,191.02,7.68,0,2.4014627433978624,4.129045635332039,3.788515609148091,47.04823614110871,0.4387074829931973,0.30775510204081635,0.09387755102040816,0.15965986394557824,14.822582759420408,3.406273909716909,40100.0,0.4521805661820964,8.564748985911807,2,9,0,73,2,69970.0,101696.0,89937.0,98466.0,-8570.0,5003.0,-647.0,3361.25,14398.0,13506.0,17371.0,14898.75,0,41.65865384615385,1,Efficient,TIER_1,0,0.38156503174349254,,0,0.2220799884327547,1
W075,2024-03-04,2024,Q1,Mar,None,6345.0,5532.0,1430.0,2374.0,15681.0,1639060.0,34671.0,2.12,0.45,2941.0,1362.0,582.0,57.3,26.94,2737.0,85.69,116710.0,3255.0,5687.0,107768.0,49085.0,58683.0,54.5,20940.0,10036.0,12026.0,2096.0,915.0,2254.0,6761.0,6.3,43733.0,2.8,6.87,274.2,392002.0,218.01,8.09,0,2.7889640990489246,4.872761545711593,3.928355109457472,46.3107786467188,0.40462980677252725,0.35278362349339965,0.09119316370129456,0.1513934060327785,14.550701506940836,4.964023494860499,43002.0,0.42731277533039647,8.401783226525495,3,10,0,74,3,99173.0,101620.0,109996.0,97835.25,4452.0,6228.0,9422.0,3223.5,14700.0,14568.0,15078.0,15197.25,0,48.581730769230774,1,Efficient,TIER_1,0,0.3819428749263199,,0,0.6261161656141215,1
W076,2024-03-11,2024,Q1,Mar,None,6640.0,5404.0,1374.0,2522.0,15940.0,1578095.0,33327.0,2.11,0.48,2416.0,1172.0,544.0,53.6,29.3,2333.0,87.06,102034.0,3355.0,3766.0,94913.0,44767.0,50146.0,52.8,21220.0,10494.0,2492.0,2100.0,912.0,0.0,-520.0,-0.5,33161.0,2.4,5.95,214.6,404154.0,188.92,6.45,0,3.2881196463923787,3.6909265538938003,3.516668166951721,48.50993377483444,0.41656210790464243,0.33902132998745294,0.086198243412798,0.15821831869510666,16.794327436705192,-0.44368600682593856,34206.0,0.4641638225255973,8.481008939438452,3,11,0,75,4,107768.0,120578.0,105925.0,99372.25,6761.0,10784.0,6926.0,3356.75,15681.0,17123.0,15371.0,15475.5,1,18.557692307692307,2,Burn,TIER_3,0,0.4323557983758676,,0,0.656298156602455,1
W077,2024-03-18,2024,Q1,Mar,None,6196.0,4871.0,1324.0,2780.0,15171.0,1645352.0,37350.0,2.27,0.41,3243.0,1515.0,673.0,55.6,22.54,3023.0,86.25,130669.0,5905.0,7453.0,117311.0,53461.0,63850.0,54.4,20757.0,9924.0,17998.0,2104.0,910.0,3746.0,11238.0,9.6,41859.0,2.5,7.73,320.9,403179.0,210.56,9.34,0,4.519051955704873,5.703724678385845,4.056224899598393,46.71600370027752,0.4084107837321205,0.3210730999934085,0.08727176850570167,0.18324434776876936,12.93229108949715,7.417821782178218,48679.0,0.44422442244224425,8.793051557183983,3,12,0,76,5,94913.0,69970.0,111819.0,92956.0,-520.0,-8570.0,6094.0,530.75,15940.0,14398.0,19258.0,15179.75,0,69.375,1,Efficient,TIER_1,0,0.4212811595917513,,0,0.23526855872498298,1
W078,2024-03-25,2024,Q1,Mar,Spring Launch,7686.0,6079.0,1659.0,3017.0,18441.0,1843964.0,41412.0,2.25,0.45,3841.0,1538.0,798.0,48.1,23.11,3599.0,79.15,121733.0,13658.0,4834.0,103241.0,48458.0,54783.0,53.1,21021.0,9759.0,5562.0,2108.0,908.0,636.0,1910.0,1.9,37318.0,2.5,5.6,197.1,410783.0,192.05,8.31,1,11.219636417405306,3.9709856817789753,3.713899352844586,40.04165581879719,0.41678867740361153,0.32964589772788894,0.08996258337400358,0.16360284149449597,17.862089673676156,1.2418725617685307,36342.0,0.5188556566970091,8.345685784522866,3,13,0,77,0,117311.0,99173.0,80776.0,104791.25,11238.0,4452.0,-3846.0,5482.75,15171.0,14700.0,15678.0,15373.0,0,27.932692307692307,0,Steady,TIER_2,0,0.490586266324199,,1,0.1164344550142868,1
W079,2024-04-01,2024,Q2,Apr,None,6782.0,5472.0,1345.0,2435.0,16034.0,1620765.0,34892.0,2.15,0.46,3048.0,1553.0,746.0,52.0,21.49,3272.0,87.61,136058.0,4996.0,6668.0,124394.0,57322.0,67072.0,53.9,21314.0,10974.0,18750.0,2112.0,905.0,3933.0,11800.0,9.5,38051.0,2.1,7.76,318.3,418062.0,197.43,9.19,0,3.67196342736186,4.900851107615869,4.450876991860599,50.9514435695538,0.42297617562679307,0.3412747910689784,0.08388424597729824,0.15186478732693026,12.889689213306108,7.598197037990985,51038.0,0.48036059240180295,8.651587268738878,4,14,0,78,1,103241.0,107768.0,77419.0,105808.25,1910.0,6761.0,-5278.0,4847.25,18441.0,15681.0,15188.0,16308.25,0,68.82211538461539,1,Efficient,TIER_1,0,0.44376125513523845,,0,0.4728640745919905,1
W080,2024-04-08,2024,Q2,Apr,None,6412.0,5439.0,1477.0,2636.0,15964.0,1738444.0,33929.0,1.95,0.47,2453.0,1114.0,454.0,59.2,35.16,2372.0,82.85,92295.0,2554.0,4940.0,84801.0,40004.0,44797.0,52.8,21042.0,10575.0,-2784.0,2116.0,902.0,0.0,-5802.0,-6.8,35147.0,2.9,5.31,180.6,417280.0,180.96,5.15,0,2.767213825234303,5.352402622027196,3.2833269474490847,45.41377904606605,0.40165372087196194,0.3407040841894262,0.09252067151089953,0.16512152342771236,18.825249702244076,-5.208258527827648,28833.0,0.40754039497307004,8.76988713982472,4,15,0,79,2,124394.0,94913.0,88800.0,109964.75,11800.0,-520.0,783.0,6107.0,16034.0,15940.0,14602.0,16396.5,1,11.322115384615387,2,Burn,TIER_3,0,0.48677331061645807,,0,0.6710369460651535,1
W081,2024-04-15,2024,Q2,Apr,None,6821.0,5354.0,1219.0,2865.0,16259.0,1805643.0,39138.0,2.17,0.42,3288.0,1531.0,745.0,51.3,21.82,2889.0,83.7,128145.0,3165.0,6161.0,118819.0,53738.0,65081.0,54.8,21043.0,10794.0,16985.0,2120.0,900.0,3491.0,10474.0,8.8,50815.0,3.0,7.31,300.3,408969.0,188.12,8.62,0,2.4698583635725155,4.807834874556167,3.9117992743625125,46.5632603406326,0.41952149578694875,0.329294544559936,0.07497386063103512,0.17621009902208007,13.683838443346602,6.841280209013717,48822.0,0.48661005878510777,8.503181137724551,4,16,0,80,3,84801.0,117311.0,97368.0,107436.75,-5802.0,11238.0,1909.0,4786.5,15964.0,15171.0,14163.0,16402.5,0,60.76923076923076,1,Efficient,TIER_1,0,0.3915026626402073,,0,0.4556211088680545,1
W082,2024-04-22,2024,Q2,Apr,None,6355.0,5471.0,1377.0,2507.0,15710.0,1624211.0,34116.0,2.1,0.46,3102.0,1246.0,535.0,57.1,29.36,2519.0,82.35,102608.0,3564.0,4695.0,94349.0,45392.0,48957.0,51.9,21444.0,10100.0,1703.0,2124.0,898.0,0.0,-1319.0,-1.4,33206.0,2.5,6.01,211.6,427383.0,176.23,6.0,0,3.4734133790737567,4.575666614688913,3.6522452808066594,40.16763378465506,0.40451941438574157,0.3482495225970719,0.08765117759388924,0.15957988542329726,16.65094489607733,-1.0585874799357946,33247.0,0.42937399678972715,9.044377195581326,4,17,0,81,4,118819.0,103241.0,96163.0,107813.75,10474.0,1910.0,3620.0,4595.5,16259.0,18441.0,14523.0,16674.5,1,17.620192307692307,2,Burn,TIER_3,0,0.4295769563178383,,0,0.794634709043094,1
W083,2024-04-29,2024,Q2,Apr,None,6546.0,5456.0,1223.0,2540.0,15765.0,1771174.0,35203.0,1.99,0.45,2463.0,1136.0,496.0,56.3,31.78,2415.0,90.13,102388.0,2395.0,4616.0,95377.0,42595.0,52782.0,55.3,21166.0,9267.0,6584.0,2128.0,895.0,890.0,2671.0,2.8,37572.0,2.8,6.05,234.8,426480.0,222.11,6.99,0,2.3391413056217525,4.508340821189983,3.2269976990597393,46.122614697523346,0.41522359657469077,0.34608309546463684,0.07757691087852839,0.16111639708214398,16.52914224603416,2.351232394366197,37017.0,0.43661971830985913,9.231568466167367,4,18,0,82,5,94349.0,124394.0,101696.0,105590.75,-1319.0,11800.0,5003.0,3788.25,15710.0,16034.0,13506.0,15991.75,0,26.58653846153846,2,Burn,TIER_3,0,0.4114015689881112,,0,0.6855951291263294,1
W084,2024-05-06,2024,Q2,May,None,6587.0,5656.0,1282.0,2840.0,16365.0,1885742.0,38934.0,2.06,0.42,2975.0,1509.0,713.0,52.8,22.95,2983.0,87.94,132701.0,3791.0,5912.0,122998.0,54584.0,68414.0,55.6,21499.0,9898.0,20652.0,2132.0,892.0,4407.0,13221.0,10.7,45433.0,2.6,7.52,318.1,427362.0,208.75,9.1,0,2.85679836625195,4.455128446658277,3.8757897981198957,50.72268907563026,0.4025053467766575,0.34561564314084936,0.07833791628475405,0.17354109379773908,13.305094391778727,8.761431411530815,52049.0,0.47249834327369117,8.947740881872619,5,19,0,83,6,95377.0,84801.0,101620.0,98336.5,2671.0,-5802.0,6228.0,1506.0,15765.0,15964.0,14568.0,15924.5,0,68.22115384615384,1,Efficient,TIER_1,0,0.40316430271206594,,0,0.6435213096491201,1
W085,2024-05-13,2024,Q2,May,None,6246.0,6217.0,1580.0,2710.0,16753.0,1953394.0,40482.0,2.07,0.41,3725.0,1589.0,700.0,55.9,23.93,3510.0,87.94,139737.0,4096.0,5643.0,129998.0,57009.0,72989.0,56.1,21389.0,10908.0,23939.0,2136.0,890.0,5228.0,15685.0,12.1,51106.0,2.8,7.76,335.7,431668.0,210.69,8.8,0,2.931220793347503,4.0383005216943255,3.925201324045255,42.65771812080537,0.3728287470900734,0.3710977138422969,0.09431146660299648,0.1617620724646332,12.887121340328312,9.87098804279421,56236.0,0.44052863436123346,8.800570846075432,5,20,0,84,7,122998.0,118819.0,120578.0,107885.75,13221.0,10474.0,10784.0,6261.75,16365.0,16259.0,17123.0,16024.75,0,73.07692307692308,1,Efficient,TIER_1,0,0.40301246112311817,,0,0.18662611298981618,1
W086,2024-05-20,2024,Q2,May,None,7096.0,4655.0,1543.0,2897.0,16191.0,1733632.0,35704.0,2.06,0.45,3112.0,1505.0,746.0,50.4,21.7,2943.0,90.24,135811.0,5372.0,5623.0,124816.0,60028.0,64788.0,51.9,21257.0,10618.0,16722.0,2140.0,888.0,3424.0,10270.0,8.2,44297.0,2.5,7.71,300.1,445752.0,180.9,8.34,0,3.955496977417146,4.140312640360501,4.215213981626709,48.361182519280206,0.438268173676734,0.2875054042369217,0.09529985794577234,0.17892656414057193,12.971894628893732,6.823920265780731,48597.0,0.4956810631229236,9.273748595680939,5,21,0,85,8,129998.0,94349.0,69970.0,110680.5,15685.0,-1319.0,-8570.0,7564.5,16753.0,15710.0,14398.0,16148.25,0,63.317307692307686,1,Efficient,TIER_1,0,0.4545273034435343,,0,0.38811012348047924,1
W087,2024-05-27,2024,Q2,May,None,6677.0,5614.0,1387.0,2785.0,16463.0,1893569.0,44796.0,2.37,0.37,3955.0,1728.0,741.0,57.1,22.22,3569.0,95.73,165421.0,4611.0,9402.0,151408.0,70121.0,81287.0,53.7,21466.0,10860.0,32498.0,2144.0,885.0,7367.0,22102.0,14.6,52185.0,2.4,9.2,393.8,451058.0,200.99,9.05,0,2.7874332763071195,5.68367982299708,3.857487275649612,43.691529709228824,0.4055761404361295,0.3410071068456539,0.08424952924740327,0.16916722347081334,10.87326957624432,12.79050925925926,64824.0,0.4288194444444444,9.245075734284367,5,22,0,86,9,124816.0,95377.0,99173.0,118297.25,10270.0,2671.0,4452.0,10461.75,16191.0,15765.0,14700.0,16268.5,0,82.23557692307693,1,Efficient,TIER_1,0,0.5011035878239272,,0,0.37092713782157316,1
W088,2024-06-03,2024,Q2,Jun,None,6948.0,5811.0,1314.0,2941.0,17014.0,1672529.0,34876.0,2.09,0.49,3483.0,1542.0,671.0,56.5,25.36,3130.0,80.25,123746.0,1901.0,5461.0,116384.0,52227.0,64157.0,55.1,21466.0,10637.0,15040.0,2148.0,882.0,3002.0,9008.0,7.7,49124.0,3.0,6.84,277.1,460772.0,214.15,8.44,0,1.5362112714754417,4.413071937678794,4.421378598463126,44.27217915590009,0.40836957799459267,0.3415422593158575,0.0772305160456095,0.1728576466439403,14.618847951608469,5.841763942931258,47143.0,0.4351491569390402,9.381110409837735,6,23,0,87,10,151408.0,122998.0,107768.0,132305.0,22102.0,13221.0,6761.0,15319.5,16463.0,16365.0,15681.0,16443.0,0,54.63942307692308,1,Efficient,TIER_1,0,0.41732088347184465,,0,0.2841921540372075,1
W089,2024-06-10,2024,Q2,Jun,None,7211.0,5888.0,1169.0,2613.0,16881.0,1770286.0,36528.0,2.06,0.46,3242.0,1612.0,699.0,56.6,24.15,3417.0,83.69,134908.0,4456.0,5223.0,125229.0,58592.0,66637.0,53.2,21649.0,10843.0,17264.0,2152.0,880.0,3558.0,10674.0,8.5,47267.0,2.6,7.42,294.7,470118.0,184.62,7.64,0,3.3029916683962406,3.87152726302369,4.41305300043802,49.72239358420728,0.4271666370475683,0.34879450269533796,0.0692494520466797,0.15478940821041406,13.480104448650074,6.621588089330025,49756.0,0.4336228287841191,9.521762906851922,6,24,0,88,11,116384.0,129998.0,94913.0,130651.5,9008.0,15685.0,-520.0,14266.25,17014.0,16753.0,15940.0,16605.25,0,56.94711538461539,1,Efficient,TIER_1,0,0.4191124035835566,,0,0.1513058592393106,1
W090,2024-06-17,2024,Q2,Jun,None,7224.0,5642.0,1426.0,2827.0,17119.0,1737773.0,31026.0,1.79,0.55,2801.0,1320.0,577.0,56.3,29.67,2671.0,84.2,111144.0,2868.0,4542.0,103734.0,47788.0,55946.0,53.9,21346.0,10753.0,6728.0,2156.0,878.0,924.0,2770.0,2.7,47809.0,3.2,6.06,226.8,473116.0,180.06,6.07,0,2.5804361908874975,4.086590369250702,4.254496228969252,47.126026419136025,0.42198726561130906,0.3295753256615456,0.08329925813423682,0.16513815059290846,16.50278597181252,2.0984848484848486,38827.0,0.43712121212121213,9.612662034215125,6,25,0,89,12,125229.0,124816.0,117311.0,129459.25,10674.0,10270.0,11238.0,13013.5,16881.0,16191.0,15171.0,16637.25,0,23.41346153846154,2,Burn,TIER_3,0,0.47926181442750254,,0,0.17649307935295697,1
W091,2024-06-24,2024,Q2,Jun,None,7357.0,5098.0,1739.0,2797.0,16991.0,1759627.0,34592.0,1.97,0.49,3690.0,1430.0,721.0,49.6,23.57,2957.0,83.48,119376.0,3612.0,6423.0,109341.0,52060.0,57281.0,52.4,21506.0,10551.0,8233.0,2160.0,875.0,1300.0,3898.0,3.6,41752.0,2.7,6.44,237.1,483282.0,202.5,8.59,0,3.0257338158423805,5.380478488138319,4.133903792784459,38.75338753387534,0.43299393796715907,0.3000411982814431,0.10234830204225767,0.16461656170914013,15.539459123293184,2.725874125874126,40290.0,0.5041958041958042,9.85324580003262,6,26,0,90,13,103734.0,151408.0,103241.0,124188.75,2770.0,22102.0,1910.0,11138.5,17119.0,16463.0,18441.0,16869.25,0,41.80288461538461,1,Efficient,TIER_1,0,0.4667154367375968,,0,0.006887395189898425,0
W092,2024-07-01,2024,Q3,Jul,None,7001.0,5964.0,1537.0,2605.0,17107.0,1753903.0,36140.0,2.06,0.47,3010.0,1338.0,649.0,51.5,26.36,2772.0,82.79,110773.0,3266.0,5583.0,101924.0,44209.0,57715.0,56.6,21517.0,10849.0,8242.0,2164.0,872.0,1302.0,3904.0,3.8,34956.0,2.4,5.96,237.4,494194.0,200.77,7.62,0,2.94837189567855,5.04003683208002,3.7022689540675153,44.451827242524914,0.40924767638978193,0.3486292161103642,0.0898462617641901,0.15227684573566377,16.784074408382715,2.9177877428998507,40608.0,0.4850523168908819,9.989165807612233,7,27,0,91,14,109341.0,116384.0,124394.0,113672.0,3898.0,9008.0,11800.0,6587.5,16991.0,17014.0,16034.0,17001.25,0,31.394230769230774,2,Burn,TIER_3,0,0.418793029423112,,0,0.1004544886118242,1
W093,2024-07-08,2024,Q3,Jul,Mid-Year Sale,8090.0,7727.0,1694.0,2998.0,20509.0,2180394.0,47906.0,2.2,0.43,3766.0,1779.0,940.0,47.2,21.82,3579.0,82.15,146145.0,16619.0,7232.0,122294.0,54978.0,67316.0,55.0,21715.0,10777.0,14315.0,2168.0,870.0,2819.0,8458.0,6.9,52474.0,3.0,5.96,228.2,483074.0,197.6,9.06,1,11.37158301686681,4.948510041397243,3.713522314532627,47.23844928305895,0.3944609683553562,0.37676142181481304,0.08259788385586815,0.14617972597396264,16.7702422032152,4.754356379988757,46807.0,0.5283867341202922,9.114431803173526,7,28,0,92,0,101924.0,125229.0,84801.0,110057.0,3904.0,10674.0,-5802.0,5311.5,17107.0,16881.0,15964.0,17024.5,0,43.269230769230774,0,Steady,TIER_2,0,0.46554724598334773,,1,0.02157992107687816,0
W094,2024-07-15,2024,Q3,Jul,Mid-Year Sale,8302.0,6162.0,1824.0,3533.0,19821.0,2305090.0,57795.0,2.51,0.34,5110.0,2229.0,1228.0,44.9,16.14,4811.0,79.19,176515.0,20739.0,7580.0,148196.0,66328.0,81868.0,55.2,21375.0,11255.0,29417.0,2172.0,868.0,6594.0,19783.0,13.3,60054.0,2.8,7.48,313.0,487557.0,181.78,11.26,1,11.749143132311701,4.294252613092372,3.856735011679211,43.62035225048923,0.41884869582765755,0.31088239745724233,0.09202361132132586,0.1782452953937743,13.374854921860239,8.875280394795872,62047.0,0.5509196949304621,9.295475777392232,7,29,0,93,0,122294.0,103734.0,118819.0,109323.25,8458.0,2770.0,10474.0,4757.5,20509.0,17119.0,16259.0,17931.5,0,76.39423076923076,0,Steady,TIER_2,1,0.5527635544619739,new customer share is 2.5 std dev above normal (0.55 vs typical 0.46),1,0.04747852462105298,0
W095,2024-07-22,2024,Q3,Jul,None,6244.0,6209.0,1334.0,2789.0,16576.0,1816176.0,37690.0,2.08,0.44,3336.0,1359.0,569.0,58.1,29.13,2893.0,87.96,119538.0,2487.0,5928.0,111123.0,47647.0,63476.0,57.1,21850.0,10994.0,14056.0,2176.0,865.0,2754.0,8261.0,7.4,45458.0,2.9,6.7,282.9,508460.0,206.14,7.08,0,2.080509963358932,4.959092506148672,3.6057309631201915,40.73741007194245,0.3766891891891892,0.3745777027027027,0.08047779922779923,0.16825530888030887,14.916803901982487,6.0787343635025755,46900.0,0.41869021339220014,10.288547146904087,7,30,0,94,1,148196.0,109341.0,94349.0,120438.75,19783.0,3898.0,-1319.0,9010.75,19821.0,16991.0,15710.0,18607.0,0,45.04807692307692,2,Burn,TIER_3,0,0.4338502985326415,,0,0.513468296383341,1
W096,2024-07-29,2024,Q3,Jul,None,6364.0,5721.0,1467.0,2655.0,16207.0,1781292.0,40850.0,2.29,0.4,3300.0,1431.0,662.0,53.7,24.48,2990.0,87.07,124597.0,3351.0,4965.0,116281.0,54102.0,62179.0,53.5,21765.0,10289.0,13918.0,2180.0,862.0,2719.0,8157.0,7.0,49725.0,3.0,7.17,283.7,510451.0,193.28,7.9,0,2.6894708540334036,3.984847147202581,3.503059975520196,43.36363636363637,0.392669834022336,0.35299561917689887,0.09051644351206269,0.16381810328870242,13.937788632708697,5.70020964360587,45972.0,0.46261355695317957,10.576884026439568,7,31,0,95,2,111123.0,101924.0,95377.0,120884.25,8261.0,3904.0,2671.0,10101.5,16576.0,17107.0,15765.0,18503.25,0,54.0625,1,Efficient,TIER_1,0,0.39488088908413455,,0,0.2953096047616507,1
W097,2024-08-05,2024,Q3,Aug,None,6422.0,5827.0,1508.0,2839.0,16596.0,1781942.0,37586.0,2.11,0.44,2884.0,1318.0,544.0,58.7,30.51,2700.0,88.66,116854.0,3985.0,5016.0,107853.0,48435.0,59418.0,55.1,21411.0,11647.0,9764.0,2184.0,860.0,1680.0,5040.0,4.7,38168.0,2.5,6.5,258.0,526712.0,184.91,6.06,0,3.410238417170144,4.292535985075393,3.5066248071090302,45.70041608876561,0.38696071342492167,0.35110870089178114,0.09086526873945529,0.1710653169438419,15.387610914856332,3.8239757207890746,42822.0,0.41274658573596357,10.60764490272687,8,32,0,96,3,116281.0,122294.0,122998.0,124473.5,8157.0,8458.0,13221.0,11164.75,16207.0,20509.0,16365.0,18278.25,0,33.48557692307692,2,Burn,TIER_3,0,0.39101452753579685,,0,0.3567908790108712,1
W098,2024-08-12,2024,Q3,Aug,None,6576.0,5415.0,1486.0,3080.0,16557.0,1810558.0,38123.0,2.11,0.43,3945.0,1663.0,713.0,57.1,23.22,3651.0,88.85,147758.0,3888.0,7795.0,136075.0,62831.0,73244.0,53.8,21993.0,11245.0,23449.0,2188.0,858.0,5101.0,15302.0,11.2,51016.0,2.6,8.22,342.4,523703.0,199.5,8.59,0,2.6313296065187672,5.275518076855399,4.3621960496288334,42.154626108998734,0.3971734009784381,0.32705200217430697,0.08975055867608867,0.18602403817116628,12.167554657358075,9.201443174984966,56687.0,0.428743235117258,10.517180439803193,8,33,0,97,4,107853.0,148196.0,129998.0,120863.25,5040.0,19783.0,15685.0,10310.25,16596.0,19821.0,16753.0,17300.0,0,73.82211538461537,1,Efficient,TIER_1,0,0.43507952983270354,,0,0.20436615976045205,1
W099,2024-08-19,2024,Q3,Aug,None,7255.0,5699.0,1576.0,2395.0,16925.0,1739758.0,36303.0,2.09,0.47,3181.0,1328.0,577.0,56.6,29.33,2751.0,89.28,118564.0,2412.0,6165.0,109987.0,52865.0,57122.0,51.9,22250.0,10734.0,7213.0,2192.0,855.0,1042.0,3124.0,2.8,41041.0,2.6,6.5,237.5,537432.0,198.73,6.78,0,2.034344320367059,5.199723356162073,3.6580998815524888,41.74787802577806,0.42865583456425405,0.3367208271787297,0.09311669128508124,0.14150664697193502,15.388182239719239,2.352409638554217,40197.0,0.43448795180722893,10.768238193512191,8,34,0,98,5,136075.0,111123.0,124816.0,117833.0,15302.0,8261.0,10270.0,9190.0,16557.0,16576.0,16191.0,16484.0,0,32.71634615384615,2,Burn,TIER_3,0,0.42464266745533696,,0,0.30742757611629085,1
W100,2024-08-26,2024,Q3,Aug,None,6596.0,6353.0,1526.0,2546.0,17021.0,1865920.0,39195.0,2.1,0.43,3102.0,1373.0,574.0,58.2,29.65,2833.0,85.96,118023.0,4014.0,4384.0,109625.0,49118.0,60507.0,55.2,22015.0,10794.0,10677.0,2196.0,852.0,1907.0,5722.0,5.2,35998.0,2.3,6.44,255.5,547532.0,225.63,7.61,0,3.401032002236852,3.7145302186861886,3.50299783135604,44.26176660219213,0.38752129722107986,0.3732448152282475,0.08965395687679925,0.14957993067387346,15.526567844925884,4.167516387472688,43486.0,0.4180626365622724,10.987999197270721,8,35,0,99,6,109987.0,116281.0,151408.0,117549.0,3124.0,8157.0,22102.0,7905.75,16925.0,16207.0,16463.0,16571.25,0,40.28846153846154,2,Burn,TIER_3,0,0.3960999484310144,,0,0.1918338123000032,1
W101,2024-09-02,2024,Q3,Sep,None,6838.0,6045.0,1555.0,2653.0,17091.0,1924344.0,45373.0,2.36,0.38,4189.0,1684.0,704.0,58.2,24.28,3558.0,94.77,159593.0,5863.0,6089.0,147641.0,66131.0,81510.0,55.2,22142.0,12104.0,30173.0,2200.0,850.0,6781.0,20342.0,13.8,54547.0,2.6,8.64,376.9,541354.0,221.06,9.1,0,3.6737200253143936,3.8153302463140615,3.7114583562911863,40.20052518500836,0.4000936165233164,0.3536949271546428,0.09098355859809257,0.15522789772394827,11.576052722482236,12.079572446555819,64419.0,0.4180522565320665,10.54510392114849,9,36,0,100,7,109625.0,107853.0,116384.0,115885.0,5722.0,5040.0,9008.0,7297.0,17021.0,16596.0,17014.0,16774.75,0,81.6826923076923,1,Efficient,TIER_1,0,0.45360853101362203,,0,0.09807473731627832,1
W102,2024-09-09,2024,Q3,Sep,None,7639.0,6493.0,1410.0,3117.0,18659.0,2185288.0,38288.0,1.75,0.49,3221.0,1537.0,698.0,54.6,26.73,3541.0,88.27,135671.0,4034.0,6223.0,125414.0,56939.0,68475.0,54.6,21882.0,11234.0,16700.0,2204.0,848.0,3412.0,10236.0,8.2,54361.0,3.0,6.72,267.0,548862.0,168.67,6.31,0,2.9733694009773646,4.586831378850307,4.014312578353532,47.718099968953744,0.4094002894045769,0.3479822069778659,0.07556675062972293,0.16705075298783428,14.877924314669814,6.659726740403383,49816.0,0.4541314248536109,10.600907774022211,9,37,0,101,8,147641.0,136075.0,125229.0,125832.0,20342.0,15302.0,10674.0,11122.5,17091.0,16557.0,16881.0,16898.5,0,44.39903846153845,1,Efficient,TIER_1,0,0.4260309283196824,,0,0.10081527349806285,1
W103,2024-09-16,2024,Q3,Sep,None,6806.0,6247.0,1569.0,2875.0,17497.0,1921173.0,34577.0,1.8,0.51,2869.0,1416.0,582.0,58.9,30.06,2746.0,81.02,114724.0,2092.0,6747.0,105885.0,49126.0,56759.0,53.6,21533.0,9894.0,7835.0,2208.0,845.0,1196.0,3586.0,3.4,41242.0,2.7,6.05,224.4,565982.0,181.17,6.03,0,1.82350685122555,5.881071092360797,4.095207797090551,49.355176019519,0.38898096816597133,0.357032634165857,0.08967251528833514,0.16431388237983655,16.524531331161167,2.5324858757062145,39262.0,0.4110169491525424,11.568596190008993,9,38,0,102,9,125414.0,109987.0,103734.0,123166.75,10236.0,3124.0,2770.0,9856.0,18659.0,16925.0,17119.0,17424.0,0,26.05769230769231,2,Burn,TIER_3,0,0.5010291241687077,,0,0.05463575746852712,1
W104,2024-09-23,2024,Q3,Sep,None,7315.0,5929.0,1639.0,2960.0,17843.0,1950818.0,39378.0,2.02,0.45,3524.0,1536.0,758.0,50.7,23.54,3368.0,84.13,129224.0,4424.0,3835.0,120965.0,53907.0,67058.0,55.4,21525.0,11408.0,16282.0,2212.0,842.0,3307.0,9921.0,8.2,39454.0,2.3,6.78,275.8,574942.0,234.06,9.94,0,3.423512660186962,2.9677149755463383,3.9006551881761387,43.58683314415437,0.4099646920360926,0.3322871714397803,0.09185675054643277,0.16589138597769434,14.750547679080725,6.458984375,49215.0,0.4934895833333333,11.323105404127935,9,39,0,103,10,105885.0,109625.0,109341.0,122141.25,3586.0,5722.0,3898.0,9971.5,17497.0,17021.0,16991.0,17567.0,0,61.51442307692308,1,Efficient,TIER_1,0,0.41565697734812324,,0,0.026313180085014293,0
W105,2024-09-30,2024,Q3,Sep,None,6478.0,6431.0,1367.0,2575.0,16851.0,1726161.0,36287.0,2.1,0.46,2709.0,1255.0,531.0,57.7,31.73,2350.0,81.63,102446.0,2053.0,4838.0,95555.0,42442.0,53113.0,55.6,22019.0,10211.0,4032.0,2216.0,840.0,244.0,732.0,0.8,30364.0,2.2,5.67,215.2,586614.0,202.42,6.38,0,2.003982585947719,4.722487944868516,3.458538870669937,46.327057954964936,0.3844282238442822,0.3816390718651712,0.08112278203074001,0.15280992225980655,17.634869970174243,0.5832669322709163,36262.0,0.4231075697211155,11.95195696909191,9,40,0,104,11,120965.0,147641.0,101924.0,124976.25,9921.0,20342.0,3904.0,11021.25,17843.0,17091.0,17107.0,17772.5,0,20.91346153846154,2,Burn,TIER_3,0,0.421504012330445,,0,0.047450599792143694,0
W106,2024-10-07,2024,Q4,Oct,None,7217.0,6241.0,1453.0,2725.0,17636.0,1870993.0,41228.0,2.2,0.43,3621.0,1640.0,939.0,42.7,18.78,3487.0,87.89,144140.0,4591.0,4900.0,134649.0,62658.0,71991.0,53.5,21866.0,11181.0,21308.0,2220.0,838.0,4562.0,13688.0,10.2,60133.0,3.1,7.63,308.2,565910.0,186.05,9.91,0,3.18509782156237,3.399472734841127,3.9778791112835936,45.29135597901132,0.40921977772737583,0.35387843048310275,0.08238829666591063,0.1545134951236108,13.097757874176564,8.346341463414634,54355.0,0.572560975609756,11.16567685417201,10,41,1,105,12,95555.0,125414.0,122294.0,111954.75,732.0,10236.0,8458.0,6118.75,16851.0,18659.0,20509.0,17712.5,0,73.82211538461539,1,Efficient,TIER_1,0,0.4666179691264215,,0,0.05067790105029619,1
W107,2024-10-14,2024,Q4,Oct,None,6813.0,6385.0,1688.0,3040.0,17926.0,2040856.0,44306.0,2.17,0.4,4444.0,1776.0,785.0,55.8,22.84,4065.0,87.49,155382.0,3834.0,6204.0,145344.0,66474.0,78870.0,54.3,21828.0,10849.0,28267.0,2224.0,835.0,6302.0,18906.0,13.0,54706.0,2.6,8.11,340.0,583014.0,207.95,9.1,0,2.467467274201645,3.9927404718693285,4.008486435245791,39.96399639963996,0.380062479080665,0.35618654468369965,0.09416490014504073,0.16958607609059467,12.333498458828709,10.64527027027027,60944.0,0.4420045045045045,11.521332727308657,10,42,1,106,13,134649.0,105885.0,148196.0,114263.5,13688.0,3586.0,19783.0,6981.75,17636.0,17497.0,19821.0,17456.75,0,79.85576923076923,1,Efficient,TIER_1,0,0.4219068105853796,,0,0.09313086685270447,1
W108,2024-10-21,2024,Q4,Oct,Festive Sale,8381.0,6952.0,1792.0,3481.0,20606.0,2305736.0,51703.0,2.24,0.4,4588.0,1834.0,849.0,53.7,24.27,3959.0,82.91,152057.0,17100.0,6399.0,128558.0,55018.0,73540.0,57.2,22049.0,11245.0,19640.0,2228.0,832.0,4145.0,12435.0,9.7,45523.0,2.5,6.24,256.9,600642.0,188.63,7.77,1,11.245782831438211,4.208290312185562,3.547182948765062,39.97384481255449,0.4067261962535184,0.3373774628748908,0.08696496166165195,0.16893137920993886,16.028562983244917,6.780261723009815,52934.0,0.4629225736095965,11.143636363636364,10,43,1,107,0,145344.0,120965.0,111123.0,124128.25,18906.0,9921.0,8261.0,10811.75,17926.0,17843.0,16576.0,17564.0,0,48.48557692307692,0,Steady,TIER_2,0,0.4742435007646215,,1,0.12754638404480115,1
W109,2024-10-28,2024,Q4,Oct,Festive Sale,9064.0,7112.0,1989.0,3590.0,21755.0,2322137.0,56959.0,2.45,0.38,4670.0,1886.0,770.0,59.2,28.25,3999.0,91.39,172362.0,21398.0,7176.0,143788.0,62985.0,80803.0,56.2,22232.0,11087.0,25729.0,2232.0,830.0,5667.0,17000.0,11.8,53064.0,2.6,6.61,271.4,603833.0,194.86,6.9,1,12.414569336628723,4.1633306645316255,3.3111536368264893,40.38543897216274,0.4166398529073776,0.32691335325212595,0.09142725810158585,0.1650195357389106,15.129913483739951,9.013785790031813,59048.0,0.40827147401908803,10.964030213894034,10,44,1,108,0,128558.0,95555.0,116281.0,126026.5,12435.0,732.0,8157.0,11440.25,20606.0,16851.0,16207.0,18254.75,0,52.40384615384615,0,Steady,TIER_2,0,0.5184675362063079,,1,0.04485282561483087,0
W110,2024-11-04,2024,Q4,Nov,None,6361.0,5691.0,1483.0,2884.0,16419.0,1868612.0,42128.0,2.25,0.39,3410.0,1478.0,781.0,47.2,21.02,3004.0,90.14,133227.0,3850.0,5426.0,123951.0,58304.0,65647.0,53.0,21808.0,11000.0,16420.0,2236.0,828.0,3339.0,10017.0,8.1,39777.0,2.2,7.55,299.8,624364.0,195.66,9.31,0,2.889804619183799,4.072748016543192,3.5083554880364605,43.34310850439883,0.38741701687069857,0.3466106340215604,0.09032218770936111,0.17565016139837994,13.24636348234383,6.7774018944519625,49228.0,0.5284167794316644,12.68336482011904,11,45,1,109,1,143788.0,134649.0,107853.0,138084.75,17000.0,13688.0,5040.0,15507.25,21755.0,17636.0,16596.0,19480.75,0,67.98076923076924,1,Efficient,TIER_1,0,0.4387049878624165,,0,0.4742198873964396,1
W111,2024-11-11,2024,Q4,Nov,None,7439.0,6383.0,1683.0,2972.0,18477.0,2017275.0,42920.0,2.13,0.43,3507.0,1449.0,731.0,49.6,25.28,3048.0,90.86,131656.0,3441.0,5932.0,122283.0,55899.0,66384.0,54.3,22064.0,10822.0,15021.0,2240.0,825.0,2989.0,8967.0,7.3,53428.0,3.1,6.62,259.3,617437.0,208.57,8.25,0,2.6136294585890503,4.505681472929453,3.3760484622553584,41.31736526946108,0.4026086485901391,0.34545651350327433,0.0910862152946907,0.16084862261189586,15.110031647898728,6.188405797101449,47907.0,0.5044858523119393,12.021046278449468,11,46,1,110,2,123951.0,145344.0,136075.0,135410.25,10017.0,18906.0,15302.0,14589.5,16419.0,17926.0,16557.0,19176.5,0,51.80288461538461,2,Burn,TIER_3,0,0.39995297152687537,,0,0.22727517103664183,1
W112,2024-11-18,2024,Q4,Nov,None,7326.0,5467.0,1538.0,2942.0,17273.0,1934083.0,43409.0,2.24,0.4,3602.0,1616.0,763.0,52.8,22.64,3345.0,85.1,137522.0,4611.0,5600.0,127311.0,56429.0,70882.0,55.7,22531.0,11815.0,19263.0,2244.0,822.0,4049.0,12148.0,9.5,46377.0,2.5,7.37,310.4,632806.0,172.46,7.62,0,3.3529180785619754,4.072075740608775,3.7227303093828468,44.86396446418656,0.4241301453134951,0.3165055288600706,0.08904069935737857,0.17032362646905574,13.567562897157353,7.517326732673268,53609.0,0.47215346534653463,12.259168135763963,11,47,1,111,3,122283.0,128558.0,109987.0,129645.0,8967.0,12435.0,3124.0,12104.75,18477.0,20606.0,16925.0,19314.25,0,60.55288461538461,1,Efficient,TIER_1,0,0.3889488955578717,,0,0.39260407661399566,1
W113,2024-11-25,2024,Q4,Nov,Black Friday,8139.0,7407.0,1829.0,3616.0,20991.0,2322837.0,54375.0,2.34,0.39,4458.0,2044.0,830.0,59.4,25.29,4100.0,81.55,166688.0,19990.0,5551.0,141147.0,63597.0,77550.0,54.9,21991.0,12124.0,22444.0,2248.0,820.0,4844.0,14532.0,10.3,61356.0,3.0,6.72,269.4,627341.0,172.6,6.82,1,11.992464964484546,3.3301737377615668,3.7590804597701153,45.85015702108569,0.38773760182935546,0.352865513791625,0.08713258062979372,0.17226430374922586,14.871729473527598,7.109589041095891,56559.0,0.4060665362035225,11.384259427285595,11,48,1,112,0,127311.0,143788.0,109625.0,129333.25,12148.0,17000.0,5722.0,12033.0,17273.0,21755.0,17021.0,18481.0,0,51.85096153846154,0,Steady,TIER_2,0,0.46811437120573457,,1,0.06401059784984839,1
W114,2024-12-02,2024,Q4,Dec,None,6464.0,5868.0,1688.0,3068.0,17088.0,1830377.0,36896.0,2.02,0.46,3407.0,1370.0,642.0,53.1,26.62,2829.0,88.71,121533.0,4361.0,6227.0,110945.0,50159.0,60786.0,54.8,22457.0,10755.0,10486.0,2252.0,818.0,1854.0,5562.0,5.0,42388.0,2.7,6.49,255.7,651342.0,204.33,7.68,0,3.5883258045140005,5.123711255379197,3.7131396357328708,40.211329615497505,0.3782771535580524,0.3433988764044944,0.09878277153558053,0.17954119850187267,15.402226328360898,4.05985401459854,43698.0,0.4686131386861314,12.949145129224652,12,49,1,113,1,141147.0,123951.0,147641.0,128673.0,14532.0,10017.0,20342.0,11416.0,20991.0,16419.0,17091.0,18290.0,0,43.19711538461539,2,Burn,TIER_3,0,0.39991045852205115,,0,0.3991505023389957,1
W115,2024-12-09,2024,Q4,Dec,None,7227.0,6434.0,1483.0,2575.0,17719.0,1907573.0,42056.0,2.2,0.42,2992.0,1401.0,582.0,58.5,30.45,2975.0,89.28,125081.0,3963.0,6382.0,114736.0,52876.0,61860.0,53.9,22188.0,10846.0,11107.0,2256.0,815.0,2009.0,6027.0,5.3,50160.0,3.1,6.48,249.1,648840.0,196.22,6.44,0,3.1683469112015414,5.10229371367354,3.331272588929047,46.82486631016043,0.4078672611321181,0.3631130424967549,0.08369546814154298,0.14532422822958407,15.443278482777856,4.301927194860814,44141.0,0.41541755888650966,12.784268910212203,12,50,1,114,2,110945.0,122283.0,125414.0,125421.5,5562.0,8967.0,10236.0,10302.25,17088.0,18477.0,18659.0,18457.25,0,37.06730769230769,2,Burn,TIER_3,0,0.41325349199064065,,0,0.234392771948812,1
W116,2024-12-16,2024,Q4,Dec,Year-End Sale,8175.0,7390.0,1678.0,2889.0,20132.0,1820337.0,42170.0,2.32,0.48,3875.0,1716.0,890.0,48.1,22.62,3446.0,78.89,135375.0,16229.0,7005.0,112141.0,48851.0,63290.0,56.4,22451.0,10628.0,10079.0,2260.0,812.0,1752.0,5255.0,4.7,43765.0,2.7,5.57,214.4,660122.0,192.14,8.49,1,11.988180978762696,5.174515235457064,4.069243538060233,44.28387096774193,0.406069938406517,0.3670772898867475,0.08334989072123981,0.14350288098549574,17.95239921170669,3.062354312354312,43158.0,0.5186480186480187,12.405743173403996,12,51,1,115,0,114736.0,127311.0,105885.0,123534.75,6027.0,12148.0,3586.0,9567.25,17719.0,17273.0,17497.0,18267.75,0,38.31730769230769,0,Steady,TIER_2,0,0.5142564474728041,,1,0.04438781176713068,0
W117,2024-12-23,2024,Q4,Dec,Year-End Sale,8639.0,7925.0,1742.0,3674.0,21980.0,2445676.0,56255.0,2.3,0.39,4611.0,2040.0,1004.0,50.8,21.89,4087.0,84.69,172768.0,17754.0,5645.0,149369.0,66108.0,83261.0,55.7,22608.0,11974.0,26699.0,2264.0,810.0,5906.0,17719.0,11.9,61858.0,2.9,6.8,278.8,653152.0,180.93,8.27,1,10.276208557140212,3.267387479162808,3.6263443249488936,44.24202992843201,0.39303912647861694,0.36055505004549593,0.07925386715195633,0.16715195632393084,14.71523542368229,8.68578431372549,61281.0,0.492156862745098,11.547540751741451,12,52,1,116,0,112141.0,141147.0,120965.0,119742.25,5255.0,14532.0,9921.0,7844.0,20132.0,20991.0,17843.0,18982.5,0,63.43750000000001,0,Steady,TIER_2,0,0.44510425769263634,,1,0.028994335793195467,0
W118,2024-12-30,2024,Q4,Dec,None,7229.0,6274.0,1575.0,3157.0,18235.0,1617417.0,37539.0,2.32,0.49,3304.0,1498.0,695.0,53.6,26.24,2901.0,89.0,133322.0,2682.0,6318.0,124322.0,56623.0,67699.0,54.5,22562.0,10908.0,15994.0,2268.0,808.0,3230.0,9688.0,7.8,50818.0,2.9,6.82,271.3,671304.0,214.11,8.16,0,2.0116709920343228,4.738902806738573,3.990516529476012,45.33898305084746,0.3964354263778448,0.34406361392925694,0.08637236084452975,0.1731285988483685,14.667556828236354,6.4672897196261685,49464.0,0.46395193591455275,12.983347838700318,12,1,1,117,1,149369.0,110945.0,95555.0,121797.75,17719.0,5562.0,732.0,8640.75,21980.0,17088.0,16851.0,19229.75,0,55.72115384615384,1,Efficient,TIER_1,0,0.4108838108004567,,0,0.5936146055652274,1
W119,2025-01-06,2025,Q1,Jan,None,7332.0,4852.0,1242.0,2472.0,15898.0,1492014.0,25847.0,1.73,0.5599999999999999,1964.0,908.0,329.0,63.8,36.36999999999999,1949.0,88.28,80158.0,2545.0,4041.0,73572.0,33033.0,40539.0,55.1,22633.0,9865.0,-7857.0,2272.0,805.0,0.0,-10934.0,-14.9,29792.0,2.8,4.63,155.0,683668.0,187.02,3.87,0,3.174979415654083,5.041293445445246,3.512980229813905,46.23217922606925,0.4611900868033715,0.305195622090829,0.07812303434394263,0.15549125676185685,21.608764203773177,-12.041850220264317,24641.0,0.3623348017621145,14.126539383420118,1,2,0,118,2,124322.0,114736.0,134649.0,125142.0,9688.0,6027.0,13688.0,9672.25,18235.0,17719.0,17636.0,19516.5,1,12.788461538461538,2,Burn,TIER_3,1,0.6336194455535583,marketing % of revenue is 3.1 std dev above normal (21.61 vs typical 14.83),0,0.6011056557057046,1
W120,2025-01-13,2025,Q1,Jan,None,6505.0,5445.0,1462.0,2324.0,15736.0,1681815.0,31742.0,1.89,0.5,3035.0,1223.0,514.0,58.0,30.61,2648.0,86.24,105472.0,2940.0,3876.0,98656.0,45208.0,53448.0,54.2,22204.0,10936.0,4572.0,2276.0,802.0,374.0,1120.0,1.1,38862.0,2.8,6.27,239.7,677434.0,219.35,7.17,0,2.7874696601941746,3.6749089805825244,3.8529393232940587,40.29654036243822,0.4133833248601932,0.346021860701576,0.09290798169801728,0.14768683274021352,15.950373013298735,0.9157808667211774,37712.0,0.42027800490596895,13.860258613634503,1,3,0,119,3,73572.0,112141.0,145344.0,114851.0,-10934.0,5255.0,18906.0,5432.0,15898.0,20132.0,17926.0,19061.25,0,32.21153846153847,2,Burn,TIER_3,0,0.43718920556668606,,0,0.35550094729910936,1
W121,2025-01-20,2025,Q1,Jan,None,6168.0,5044.0,1353.0,2702.0,15267.0,1685961.0,32403.0,1.92,0.47,3077.0,1356.0,661.0,51.3,23.1,2885.0,87.31,118392.0,1867.0,5336.0,111189.0,48591.0,62598.0,56.3,22747.0,10588.0,13996.0,2280.0,800.0,2729.0,8187.0,7.4,41216.0,2.6,7.28,310.0,681454.0,181.15,7.84,0,1.576964659774309,4.50706128792486,4.1847977039163045,44.06889827754306,0.40400864609943016,0.3303857994366935,0.08862251915897033,0.176983035304906,13.730674796967326,6.037610619469026,47331.0,0.48746312684365783,14.021110242376857,1,4,0,120,4,98656.0,149369.0,128558.0,111479.75,1120.0,17719.0,12435.0,4398.25,15736.0,21980.0,20606.0,17962.25,0,57.88461538461539,1,Efficient,TIER_1,0,0.43142330364097203,,0,0.23746833411785714,1
W122,2025-01-27,2025,Q1,Jan,None,6761.0,5322.0,1526.0,2872.0,16481.0,1656016.0,33874.0,2.05,0.49,3139.0,1473.0,749.0,49.2,22.0,3264.0,88.69,130640.0,3499.0,5757.0,121384.0,55387.0,65997.0,54.4,22337.0,11002.0,16177.0,2284.0,798.0,3274.0,9821.0,8.1,55426.0,3.2,7.37,300.4,674438.0,186.83,8.49,0,2.6783527250459276,4.406766687078996,4.348467851449489,46.92577253902517,0.4102299617741642,0.3229172987076027,0.09259146896426187,0.17426127055397123,13.577572002899888,6.6673455532926,49516.0,0.5084860828241684,13.537494981934966,1,5,0,121,5,111189.0,124322.0,143788.0,101934.75,8187.0,9688.0,17000.0,2015.25,15267.0,18235.0,21755.0,16284.0,0,64.03846153846155,1,Efficient,TIER_1,0,0.4124588944886455,,0,0.10004406940121553,1
W123,2025-02-03,2025,Q1,Feb,None,7039.0,6339.0,1221.0,3152.0,17751.0,1897013.0,39113.0,2.06,0.45,2851.0,1125.0,567.0,49.6,31.31,2374.0,89.74,100958.0,2483.0,6031.0,92444.0,42907.0,49537.0,53.6,22621.0,9814.0,-649.0,2288.0,795.0,0.0,-3732.0,-4.0,31775.0,2.4,5.21,179.1,696646.0,208.05,6.64,0,2.4594385784187485,5.973771271221697,2.8762815432209243,39.45983865310417,0.39654103994141177,0.3571066418793307,0.06878485719114416,0.17756746098811335,19.201895201419237,-3.3173333333333335,31786.0,0.504,13.88128163232774,2,6,0,122,6,121384.0,73572.0,123951.0,101200.25,9821.0,-10934.0,10017.0,2048.5,16481.0,15898.0,16419.0,15845.5,1,20.3125,2,Burn,TIER_3,0,0.5304576233304559,,0,0.611808109679692,1
W124,2025-02-10,2025,Q1,Feb,Valentine Promo,9014.0,7110.0,1645.0,3444.0,21213.0,2410100.0,49983.0,2.07,0.42,4580.0,1995.0,791.0,60.4,26.82,4283.0,88.01,175580.0,22806.0,10604.0,142170.0,65149.0,77021.0,54.2,22654.0,11732.0,21422.0,2292.0,792.0,4584.0,13754.0,9.7,54049.0,2.7,6.7,263.1,683540.0,224.16,8.36,1,12.98895090557011,6.039412233739606,3.991357061400876,43.5589519650655,0.4249281101211521,0.33517182859567246,0.07754678734738132,0.1623532739357941,14.920869381726101,6.894235588972431,55808.0,0.39649122807017545,12.294106009100883,2,7,0,123,0,92444.0,98656.0,122283.0,105918.25,-3732.0,1120.0,8967.0,3849.0,17751.0,15736.0,18477.0,16308.75,0,59.08653846153847,0,Steady,TIER_2,0,0.4898202898144165,,1,0.013514116507011011,0
W125,2025-02-17,2025,Q1,Feb,None,7433.0,5523.0,1310.0,2762.0,17028.0,1751368.0,34191.0,1.95,0.5,3017.0,1484.0,701.0,52.8,24.29,3171.0,93.48,138724.0,2744.0,4395.0,131585.0,59719.0,71866.0,54.6,22739.0,12024.0,20075.0,2296.0,790.0,4247.0,12742.0,9.7,50081.0,2.7,7.73,322.0,696176.0,219.19,9.02,0,1.9780283152158245,3.1681612410253455,4.340323476938376,49.187935034802784,0.43651632605120977,0.32434813248766736,0.07693211181583275,0.1622034296452901,12.940684728502488,8.586253369272237,54838.0,0.4723719676549865,13.442026606939429,2,8,0,124,1,142170.0,111189.0,127311.0,116796.75,13754.0,8187.0,12148.0,7007.5,21213.0,15267.0,17273.0,17678.0,0,72.69230769230768,1,Efficient,TIER_1,0,0.4474778081277324,,0,0.44910857717686303,1
W126,2025-02-24,2025,Q1,Feb,None,7250.0,5434.0,1410.0,2678.0,16772.0,1954196.0,38515.0,1.97,0.44,2779.0,1292.0,647.0,49.9,25.92,2699.0,88.64,114523.0,2445.0,7438.0,104640.0,47116.0,57524.0,55.0,22739.0,11006.0,7007.0,2300.0,788.0,980.0,2939.0,2.8,41448.0,2.8,6.24,243.0,708578.0,212.99,8.22,0,2.1349423259956515,6.494765243662845,3.354537193301311,46.49154372076286,0.43226806582399235,0.3239923682327689,0.08406868590507989,0.15967088003815882,16.0282874617737,2.274767801857585,40752.0,0.5007739938080495,14.026525724013698,2,9,0,125,2,131585.0,121384.0,141147.0,121895.75,12742.0,9821.0,14532.0,8146.25,17028.0,16481.0,20991.0,18118.25,0,39.47115384615385,2,Burn,TIER_3,0,0.459680154060228,,0,0.11647130703006338,1
W127,2025-03-03,2025,Q1,Mar,None,7857.0,5907.0,1534.0,2881.0,18179.0,1902292.0,46960.0,2.47,0.39,3982.0,1761.0,693.0,60.6,26.23,3586.0,88.16,155250.0,5691.0,5850.0,143709.0,63570.0,80139.0,55.8,22504.0,12093.0,27363.0,2304.0,785.0,6068.0,18206.0,12.7,52141.0,2.5,7.91,340.8,709292.0,206.87,7.89,0,3.6657004830917876,3.768115942028986,3.75,44.22400803616273,0.43220199130865283,0.32493536498157216,0.08438307937730348,0.15847956433247154,12.649868832153865,10.338444065871665,61960.0,0.393526405451448,13.43966954676368,3,10,0,126,3,104640.0,92444.0,110945.0,117709.75,2939.0,-3732.0,5562.0,6425.75,16772.0,17751.0,17088.0,18191.0,0,74.13461538461539,1,Efficient,TIER_1,0,0.4611108784483647,,0,0.19668773961967576,1
W128,2025-03-10,2025,Q1,Mar,None,6586.0,5434.0,1501.0,2840.0,16361.0,1792759.0,42493.0,2.37,0.39,3736.0,1544.0,710.0,54.0,23.04,3653.0,91.46,141214.0,5386.0,7463.0,128365.0,57914.0,70451.0,54.9,22422.0,10872.0,20796.0,2308.0,782.0,4426.0,13280.0,10.3,50395.0,2.7,7.85,330.6,719986.0,195.43,8.48,0,3.81406942654411,5.284886767600946,3.633539641823359,41.32762312633833,0.40254263186846767,0.33213128781859297,0.09174255852331764,0.17358352178962166,12.745686129396642,8.601036269430052,54090.0,0.45984455958549225,14.499768401973618,3,11,0,127,4,143709.0,142170.0,114736.0,130526.0,18206.0,13754.0,6027.0,11910.25,18179.0,21213.0,17719.0,18298.0,0,74.61538461538463,1,Efficient,TIER_1,0,0.4263329176497979,,0,0.3842540537070593,1
W129,2025-03-17,2025,Q1,Mar,None,6918.0,5707.0,1505.0,2717.0,16847.0,1932186.0,39383.0,2.04,0.43,3523.0,1548.0,729.0,52.9,23.11,3167.0,92.18,142695.0,3643.0,7529.0,131523.0,61447.0,70076.0,53.3,22961.0,11377.0,18891.0,2312.0,780.0,3950.0,11849.0,9.0,49090.0,2.6,7.81,316.0,729528.0,199.13,8.62,0,2.5529976523354003,5.2762885875468655,3.9306299672447502,43.93982401362475,0.41063690864842406,0.33875467442274587,0.08933341247699887,0.16127500445183118,12.809166457577762,7.654392764857882,53229.0,0.47093023255813954,14.252769366025202,3,12,0,128,5,128365.0,131585.0,112141.0,127074.75,13280.0,12742.0,5255.0,11791.75,16361.0,17028.0,20132.0,17085.0,0,71.34615384615384,1,Efficient,TIER_1,0,0.40852553335934355,,0,0.05535461558629366,1
W130,2025-03-24,2025,Q1,Mar,Spring Launch,8058.0,7281.0,1802.0,3979.0,21120.0,2358521.0,52960.0,2.25,0.4,4577.0,1744.0,781.0,55.2,27.04,3523.0,84.97,148188.0,16025.0,5488.0,126675.0,57069.0,69606.0,54.9,22838.0,10817.0,14831.0,2316.0,778.0,2934.0,8803.0,6.9,40121.0,2.2,6.0,229.6,745214.0,178.96,6.62,1,10.813966043134398,3.7034037843820014,3.293051359516616,38.10356128468429,0.3815340909090909,0.34474431818181817,0.0853219696969697,0.1883996212121212,16.672587329780935,5.047591743119266,48486.0,0.4478211009174312,13.605002282062985,3,13,0,129,0,131523.0,104640.0,149369.0,127059.25,11849.0,2939.0,17719.0,11568.5,16847.0,16772.0,21980.0,17039.75,0,35.9375,0,Steady,TIER_2,0,0.46076232844727555,,1,0.003359736731401386,0
W131,2025-03-31,2025,Q1,Mar,Spring Launch,8451.0,7766.0,1864.0,3947.0,22028.0,2305855.0,49060.0,2.13,0.45,4284.0,1569.0,605.0,61.4,36.36999999999999,3377.0,89.3,140112.0,17687.0,6858.0,115567.0,50959.0,64608.0,55.9,23091.0,10890.0,8599.0,2320.0,775.0,1376.0,4128.0,3.6,43960.0,2.7,5.25,193.3,745759.0,190.51,5.23,1,12.623472650451067,4.894655704008222,3.1981247452099475,36.62464985994397,0.38364808425640096,0.35255129834755766,0.08461957508625385,0.17918104230978754,19.0608045549335,2.630975143403442,42580.0,0.38559592096876993,13.314985091681693,3,14,0,130,0,126675.0,143709.0,124322.0,132568.0,8803.0,18206.0,9688.0,13034.5,21120.0,18179.0,18235.0,18126.75,0,22.091346153846153,2,Burn,TIER_3,1,0.5593093182906597,CAC is 2.6 std dev above normal (36.37 vs typical 25.32),1,0.004042015023426836,0
W132,2025-04-07,2025,Q2,Apr,None,6709.0,6401.0,1460.0,3237.0,17807.0,1970534.0,35741.0,1.81,0.5,3459.0,1657.0,741.0,55.3,24.03,3530.0,93.8,155427.0,2493.0,6861.0,146073.0,65207.0,80866.0,55.4,22852.0,11909.0,28298.0,2324.0,772.0,6300.0,18902.0,12.9,49077.0,2.4,8.2,354.1,752417.0,224.52,9.34,0,1.6039684224748596,4.41429095330927,4.636132173134495,47.904018502457355,0.3767619475487168,0.3594653787836244,0.08199022856180153,0.18178244510585725,12.190480102414545,11.407362703681352,63059.0,0.4471937235968618,14.313213361740983,4,15,0,131,1,115567.0,128365.0,73572.0,125532.5,4128.0,13280.0,-10934.0,9515.0,22028.0,16361.0,15898.0,19089.0,0,82.98076923076924,1,Efficient,TIER_1,0,0.505417880801965,,0,0.07502425042865533,1
W133,2025-04-14,2025,Q2,Apr,None,7818.0,5197.0,1662.0,2828.0,17505.0,1789807.0,37272.0,2.08,0.47,3534.0,1485.0,664.0,55.3,26.36,2868.0,95.02,141105.0,2657.0,6975.0,131473.0,59741.0,71732.0,54.6,22574.0,11358.0,20295.0,2328.0,770.0,4299.0,12898.0,9.8,40839.0,2.2,7.51,309.8,769432.0,200.42,7.6,0,1.8829949328514228,4.943127458275752,3.984224082421121,42.02037351443124,0.4466152527849186,0.2968866038274779,0.09494430162810626,0.16155384175949727,13.314520852190185,8.685521885521885,54227.0,0.4471380471380471,14.95872620876023,4,16,0,132,2,146073.0,131523.0,98656.0,129959.5,18902.0,11849.0,1120.0,10920.5,17807.0,16847.0,15736.0,19450.5,0,64.5673076923077,1,Efficient,TIER_1,0,0.4034049464034613,,0,0.24357253100962467,1
W134,2025-04-21,2025,Q2,Apr,None,7427.0,6372.0,1670.0,3229.0,18698.0,1882538.0,36716.0,1.95,0.51,2279.0,1163.0,528.0,54.6,35.41,2599.0,96.88,112671.0,3190.0,5278.0,104203.0,46546.0,57657.0,55.3,23150.0,10216.0,5593.0,2332.0,768.0,623.0,1870.0,1.8,40168.0,2.7,5.57,208.4,773370.0,230.15,6.5,0,2.831252052435853,4.68443521403023,3.167556378690489,51.031154014918826,0.3972082575676543,0.3407851107070275,0.08931436517274575,0.17269226655257247,17.943821195167125,1.6079105760963026,38959.0,0.45399828030954426,14.854217885679164,4,17,0,133,3,131473.0,126675.0,111189.0,129947.0,12898.0,8803.0,8187.0,11182.75,17505.0,21120.0,15267.0,19615.0,0,24.927884615384617,2,Burn,TIER_3,0,0.496310864236906,,0,0.2894746582365714,1
W135,2025-04-28,2025,Q2,Apr,None,6820.0,6318.0,1652.0,3208.0,17998.0,1949342.0,40688.0,2.09,0.44,3355.0,1405.0,615.0,56.2,29.27,2935.0,87.4,122797.0,4826.0,6701.0,111270.0,50874.0,60396.0,54.3,22877.0,10405.0,9116.0,2336.0,765.0,1504.0,4511.0,4.1,44454.0,2.8,6.18,235.6,773676.0,180.79,6.18,0,3.9300634380318735,5.45697370456933,3.4531065670467953,41.87779433681073,0.3789309923324814,0.35103900433381485,0.09178797644182687,0.17824202689187688,16.17506965039993,3.21067615658363,42398.0,0.4377224199288256,15.087285491419657,4,18,0,134,4,104203.0,115567.0,121384.0,124329.0,1870.0,4128.0,9821.0,9449.5,18698.0,22028.0,16481.0,19009.5,0,32.52403846153847,2,Burn,TIER_3,0,0.4078328383614437,,0,0.18980797751061254,1
W136,2025-05-05,2025,Q2,May,None,7113.0,6516.0,1683.0,3188.0,18500.0,1940234.0,36088.0,1.86,0.51,3020.0,1315.0,582.0,55.7,31.79,2586.0,90.69,119257.0,3266.0,5439.0,110552.0,50590.0,59962.0,54.2,23074.0,10374.0,8014.0,2340.0,762.0,1228.0,3684.0,3.3,44339.0,2.8,5.98,224.1,777972.0,210.82,6.63,0,2.7386233093235615,4.560738572997812,3.6438705386832186,43.54304635761589,0.3844864864864865,0.35221621621621624,0.09097297297297298,0.17232432432432432,16.734206527245096,2.8015209125475287,41462.0,0.44258555133079847,14.975975975975976,5,19,0,135,5,111270.0,146073.0,92444.0,123254.75,4511.0,18902.0,-3732.0,9545.25,17998.0,17807.0,17751.0,18002.0,0,30.45673076923077,2,Burn,TIER_3,0,0.4315202416441949,,0,0.01821715045270042,0
W137,2025-05-12,2025,Q2,May,None,7880.0,7097.0,1665.0,3386.0,20028.0,2280405.0,45282.0,1.99,0.44,3214.0,1494.0,685.0,54.1,29.24,3351.0,90.77,135610.0,4150.0,5920.0,125540.0,58052.0,67488.0,53.8,22880.0,11431.0,13149.0,2344.0,760.0,2511.0,7534.0,6.0,50553.0,2.8,6.27,237.0,777870.0,197.94,6.77,0,3.060246294521053,4.365459774352924,3.299324234795283,46.484131922837584,0.3934491711603755,0.3543539045336529,0.08313361294188136,0.16906331136409028,15.95348096224311,5.042838018741633,47460.0,0.4585006693440428,14.315132777563075,5,20,0,136,6,110552.0,131473.0,142170.0,114374.5,3684.0,12898.0,13754.0,5740.75,18500.0,17505.0,21213.0,18175.25,0,39.230769230769226,2,Burn,TIER_3,0,0.40299121344399325,,0,0.0054600243954916975,0
W138,2025-05-19,2025,Q2,May,None,8215.0,5490.0,1875.0,3273.0,18853.0,1958013.0,41555.0,2.12,0.45,3563.0,1549.0,740.0,52.2,25.48,3369.0,90.47,140138.0,5157.0,7535.0,127446.0,59754.0,67692.0,53.1,23441.0,12107.0,13291.0,2348.0,758.0,2546.0,7639.0,6.0,38577.0,2.1,6.76,259.1,796013.0,222.04,8.71,0,3.6799440551456426,5.376842826356877,3.727589941041993,43.47460005613247,0.4357396700790325,0.2912003394685196,0.09945366785127036,0.17360632260117753,14.792931908416113,4.931568754034862,48839.0,0.4777275661717237,14.632322935240161,5,21,0,137,7,125540.0,104203.0,131585.0,112891.25,7534.0,1870.0,12742.0,4399.75,20028.0,18698.0,17028.0,18806.0,0,56.49038461538461,1,Efficient,TIER_1,0,0.40076195429448574,,0,0.07530184097563404,1
W139,2025-05-26,2025,Q2,May,None,8896.0,6187.0,1641.0,3315.0,20039.0,2063046.0,44457.0,2.15,0.45,4223.0,1891.0,847.0,55.2,23.66,3684.0,88.56,167467.0,7141.0,8314.0,152012.0,70568.0,81444.0,53.6,22893.0,12327.0,26185.0,2352.0,755.0,5770.0,17308.0,11.4,49489.0,2.3,7.59,306.4,796107.0,203.98,8.62,0,4.264123678097775,4.964560182006007,4.253548372584745,44.778593417002135,0.44393432806028243,0.3087479415140476,0.08189031388791856,0.1654274165377514,13.182511906954714,9.152829190904283,61405.0,0.4479111581173982,14.406829656707504,5,22,0,138,8,127446.0,111270.0,104640.0,118702.0,7639.0,4511.0,2939.0,5842.0,18853.0,17998.0,16772.0,18844.75,0,74.39903846153847,1,Efficient,TIER_1,0,0.4029658834962675,,0,0.04162413200289329,0
W140,2025-06-02,2025,Q2,Jun,None,9446.0,6756.0,1624.0,3310.0,21136.0,2189384.0,47348.0,2.16,0.45,3613.0,1701.0,755.0,55.6,27.99,3935.0,85.6,145606.0,3864.0,7405.0,134337.0,59200.0,75137.0,55.9,23051.0,10679.0,20271.0,2356.0,752.0,4291.0,12872.0,9.6,61653.0,3.2,6.36,255.5,792735.0,218.71,7.81,0,2.6537367965605814,5.085642075189209,3.5925487876995863,47.07998892886798,0.44691521574564724,0.3196442089326268,0.07683573050719152,0.15660484481453443,15.733565585058473,7.567313345091123,54001.0,0.4438565549676661,14.448565596179783,6,23,0,139,9,152012.0,110552.0,143709.0,128887.5,17308.0,3684.0,18206.0,9041.25,20039.0,18500.0,18179.0,19355.0,0,52.21153846153846,2,Burn,TIER_3,0,0.3876683558941981,,0,0.03991613693545842,0
W141,2025-06-09,2025,Q2,Jun,None,8110.0,5796.0,1579.0,3259.0,18744.0,2003459.0,38104.0,1.9,0.49,3341.0,1600.0,742.0,53.6,25.26,3486.0,91.44,146304.0,4374.0,5806.0,136124.0,60041.0,76083.0,55.9,23187.0,12051.0,22101.0,2360.0,750.0,4748.0,14243.0,10.5,46025.0,2.4,7.26,305.9,817844.0,203.1,8.04,0,2.9896653543307083,3.9684492563429568,4.19903422212891,47.889853337324155,0.4326717883055911,0.3092189500640205,0.08424029022620572,0.17386897140418267,13.769798125238752,8.901875,57339.0,0.46375,15.150309362380053,6,24,0,140,10,134337.0,125540.0,128365.0,134833.75,12872.0,7534.0,13280.0,11338.25,21136.0,20028.0,16361.0,20014.0,0,66.63461538461539,1,Efficient,TIER_1,0,0.4154302513027703,,0,0.10251341867504403,1
W142,2025-06-16,2025,Q2,Jun,None,7365.0,7219.0,1553.0,2797.0,18934.0,2104905.0,46902.0,2.23,0.4,3643.0,1693.0,649.0,61.7,29.17,3553.0,88.39,149644.0,6125.0,5483.0,138036.0,62258.0,75778.0,54.9,22942.0,11904.0,21998.0,2364.0,748.0,4722.0,14164.0,10.3,55826.0,2.8,7.29,300.2,817490.0,204.63,7.02,0,4.093047499398573,3.6640292961963055,3.609654172529956,46.47268734559429,0.388982782296398,0.3812717862047111,0.08202175979719024,0.14772367170170064,13.716711582485727,8.366213821618429,56844.0,0.3833431777909037,15.200632205280774,6,25,0,141,11,136124.0,127446.0,131523.0,137479.75,14243.0,7639.0,11849.0,13015.5,18744.0,18853.0,16847.0,19693.0,0,61.97115384615384,1,Efficient,TIER_1,0,0.45188548071507045,,0,0.06658593676346808,1
W143,2025-06-23,2025,Q2,Jun,None,6754.0,6734.0,1533.0,3225.0,18246.0,1928344.0,38181.0,1.98,0.48,3040.0,1620.0,776.0,52.1,23.51,3711.0,91.61,148408.0,3097.0,6004.0,139307.0,62204.0,77103.0,55.3,23305.0,10946.0,24606.0,2368.0,745.0,5373.0,16120.0,11.6,49109.0,2.5,7.63,322.6,834634.0,197.86,8.42,0,2.0868147269688966,4.0456040105654685,4.242948063172782,53.289473684210535,0.3701633234681574,0.3690671928093829,0.08401841499506742,0.1767510687273923,13.097690711880954,9.950617283950617,58857.0,0.47901234567901235,15.898698973274664,6,26,0,142,12,138036.0,152012.0,126675.0,140127.25,14164.0,17308.0,8803.0,14646.75,18934.0,20039.0,21120.0,19713.25,0,75.55288461538461,1,Efficient,TIER_1,0,0.4562289356516537,,0,0.006733727645303475,0
W144,2025-06-30,2025,Q2,Jun,None,8108.0,6971.0,1579.0,3089.0,19747.0,2000155.0,43902.0,2.19,0.45,4251.0,1729.0,795.0,54.0,24.84,3664.0,88.48,152982.0,5533.0,6124.0,141325.0,61943.0,79382.0,56.2,23637.0,11492.0,24506.0,2372.0,742.0,5348.0,16044.0,11.4,54154.0,2.7,7.16,302.0,839984.0,202.68,8.16,0,3.6167653710894094,4.003085330300297,3.938317160949387,40.67278287461774,0.41059401428065023,0.3530156479465235,0.07996151314123665,0.1564288246315896,13.972757827702106,9.279352226720647,59635.0,0.45980335454019666,15.30694657044974,6,27,0,143,13,139307.0,134337.0,115567.0,136951.0,16120.0,12872.0,4128.0,14349.75,18246.0,21136.0,22028.0,19265.0,0,68.58173076923077,1,Efficient,TIER_1,0,0.40575179119133536,,0,0.0034218196423365563,0
W145,2025-07-07,2025,Q3,Jul,None,7519.0,6330.0,1678.0,2931.0,18458.0,2065309.0,43339.0,2.1,0.43,3496.0,1619.0,747.0,53.9,24.71,3394.0,87.45,141582.0,3382.0,7262.0,130938.0,58451.0,72487.0,55.4,23181.0,11853.0,18995.0,2376.0,740.0,3970.0,11909.0,9.1,46440.0,2.5,7.09,292.7,856028.0,199.67,8.08,0,2.388721730163439,5.129183088245681,3.7356653360714365,46.31006864988558,0.4073572434716654,0.3429407303066421,0.09090909090909091,0.15879293531260158,14.096748079243612,7.355775169857937,54029.0,0.461395923409512,16.00291632393629,7,28,0,144,14,141325.0,136124.0,146073.0,138698.0,16044.0,14243.0,18902.0,15142.75,19747.0,18744.0,17807.0,18917.75,0,63.07692307692308,1,Efficient,TIER_1,0,0.38297259310535653,,0,0.029099173616389334,0
W146,2025-07-14,2025,Q3,Jul,Mid-Year Sale,9145.0,8233.0,2039.0,4252.0,23669.0,2545897.0,53299.0,2.09,0.44,4727.0,2263.0,1128.0,50.2,20.98,4573.0,88.73,200796.0,21876.0,10604.0,168316.0,75190.0,93126.0,55.3,23421.0,12391.0,33645.0,2380.0,738.0,7632.0,22895.0,13.6,67741.0,2.8,7.11,293.5,848554.0,195.4,9.31,1,10.894639335444928,5.280981692862408,4.245858271262125,47.87391580283477,0.38637035785204277,0.3478389454560818,0.08614643626684693,0.1796442604250285,14.062240072245064,10.117101193106496,69457.0,0.49845338046840476,14.265967283670415,7,29,0,145,0,130938.0,138036.0,131473.0,137401.5,11909.0,14164.0,12898.0,14559.25,18458.0,18934.0,17505.0,18846.25,0,75.91346153846155,0,Steady,TIER_2,0,0.4566363745528315,,1,0.002333627126764573,0
W147,2025-07-21,2025,Q3,Jul,None,7644.0,7098.0,1695.0,3616.0,20053.0,2058898.0,42260.0,2.05,0.47,2959.0,1565.0,598.0,61.8,33.53,3396.0,92.22,144324.0,4120.0,6315.0,133889.0,59402.0,74487.0,55.6,22719.0,10968.0,20747.0,2384.0,735.0,4407.0,13221.0,9.9,51610.0,2.7,6.68,271.5,873680.0,196.65,5.86,0,2.85468806296943,4.375571630498046,3.7032654992901084,52.88948969246366,0.3811898469056999,0.3539620006981499,0.08452600608387772,0.18032214631227247,14.977331969019115,8.447923322683707,54434.0,0.38210862619808306,16.257536285820617,7,30,0,146,1,168316.0,139307.0,104203.0,144971.5,22895.0,16120.0,1870.0,16742.0,23669.0,18246.0,18698.0,20030.0,0,49.95192307692308,2,Burn,TIER_3,0,0.4735358468373094,,0,0.014989628668331695,0
W148,2025-07-28,2025,Q3,Jul,None,7906.0,6710.0,1599.0,3531.0,19746.0,2203552.0,47482.0,2.15,0.42,4743.0,1820.0,694.0,61.9,28.45,3926.0,93.89,170880.0,4144.0,9646.0,157090.0,70440.0,86650.0,55.2,23386.0,12209.0,31309.0,2388.0,732.0,7047.0,21142.0,13.5,56877.0,2.5,7.96,338.8,881372.0,195.7,6.88,0,2.4250936329588013,5.644897003745318,3.8330314645549897,38.37233818258486,0.4003848880785982,0.3398156588676188,0.0809784260103312,0.17882102704345185,12.569864408937551,11.616483516483516,66904.0,0.3813186813186813,15.926202995970439,7,31,0,147,2,133889.0,141325.0,111270.0,143617.0,13221.0,16044.0,4511.0,16017.25,20053.0,19747.0,17998.0,20481.75,0,73.14903846153845,1,Efficient,TIER_1,0,0.4746476378757245,,0,0.022680057061315786,0
W149,2025-08-04,2025,Q3,Aug,None,8573.0,6705.0,1794.0,3279.0,20351.0,2193320.0,48076.0,2.19,0.42,4318.0,1844.0,868.0,52.9,23.45,3876.0,99.88,184179.0,4439.0,10304.0,169436.0,79045.0,90391.0,53.3,23355.0,11366.0,35319.0,2392.0,730.0,8049.0,24148.0,14.3,57268.0,2.4,8.33,344.2,895447.0,186.22,7.94,0,2.410155338013563,5.594557468549617,3.8355936433979534,42.70495599814729,0.42125694069087516,0.3294678394182104,0.08815291631860842,0.16112230357230603,12.011024811728323,13.095444685466378,70040.0,0.47071583514099785,16.25956929110982,8,32,0,148,3,157090.0,130938.0,110552.0,147558.25,21142.0,11909.0,3684.0,17291.75,19746.0,18458.0,18500.0,20481.5,0,80.72115384615385,1,Efficient,TIER_1,0,0.431229632910411,,0,0.013209864127147301,0
W150,2025-08-11,2025,Q3,Aug,None,8054.0,6713.0,1773.0,3522.0,20062.0,2000902.0,41596.0,2.08,0.48,3475.0,1754.0,806.0,54.0,24.89,3517.0,92.97,163069.0,5163.0,7656.0,150250.0,68276.0,81974.0,54.6,23270.0,11757.0,26885.0,2396.0,728.0,5940.0,17821.0,11.9,58704.0,2.7,7.49,308.6,905318.0,197.11,7.92,0,3.16614439286437,4.694945084596091,4.2167516107318015,50.47482014388489,0.40145548798723957,0.33461270062805304,0.08837603429368956,0.17555577709101786,13.352412645590682,10.160205245153934,61912.0,0.45952109464082097,16.43373450235074,8,33,0,149,4,169436.0,168316.0,125540.0,157182.75,24148.0,22895.0,7534.0,20351.5,20351.0,23669.0,20028.0,20954.75,0,70.88942307692308,1,Efficient,TIER_1,0,0.39858435589603314,,0,0.013310145783638434,0
W151,2025-08-18,2025,Q3,Aug,None,7863.0,6178.0,1663.0,3214.0,18918.0,2037008.0,47458.0,2.33,0.4,4252.0,1923.0,898.0,53.3,21.07,4068.0,93.83,180435.0,6491.0,6933.0,167011.0,80494.0,86517.0,51.8,23749.0,12645.0,31205.0,2400.0,725.0,7020.0,21060.0,12.6,55363.0,2.3,8.83,357.3,921588.0,213.29,10.12,0,3.5974173525092143,3.8423809127940807,4.052003877112394,45.22577610536218,0.4156359023152553,0.32656729041124855,0.08790569827677344,0.1698911089967227,11.327397596565495,10.951638065522621,67599.0,0.4669786791471659,16.661628579693375,8,34,0,150,5,150250.0,133889.0,127446.0,152666.25,17821.0,13221.0,7639.0,19083.0,20062.0,20053.0,18853.0,20053.0,0,87.6923076923077,1,Efficient,TIER_1,0,0.48736990589211626,,0,0.02342908238993849,0
W152,2025-08-25,2025,Q3,Aug,None,7357.0,6491.0,1601.0,3249.0,18698.0,2110561.0,47511.0,2.25,0.39,3503.0,1635.0,722.0,55.8,25.9,3420.0,88.16,144142.0,4212.0,8303.0,131627.0,59707.0,71920.0,54.6,23452.0,11499.0,18271.0,2404.0,722.0,3786.0,11359.0,8.6,52269.0,2.8,7.04,284.6,932766.0,179.09,6.91,0,2.922118466512189,5.760291934342524,3.441308328597588,46.67427918926634,0.39346454166220984,0.34714942774628305,0.08562413092309337,0.17376189966841374,14.205292227278598,6.947400611620795,53222.0,0.4415902140672783,17.386456411116704,8,35,0,151,6,167011.0,157090.0,152012.0,160946.75,21060.0,21142.0,17308.0,21042.75,18918.0,19746.0,20039.0,19769.25,0,57.11538461538462,1,Efficient,TIER_1,0,0.42881395163291186,,0,0.017982225098332756,0
W153,2025-09-01,2025,Q3,Sep,None,6982.0,6470.0,1737.0,2949.0,18138.0,1989075.0,41005.0,2.06,0.44,3873.0,1704.0,829.0,51.3,21.88,3306.0,87.48,149066.0,4535.0,6635.0,137896.0,61807.0,76089.0,55.2,23520.0,11426.0,23005.0,2408.0,720.0,4969.0,14908.0,10.8,66888.0,3.4,7.6,319.5,928009.0,182.99,8.36,0,3.0422765754766345,4.451048528839575,4.155590781611998,43.996901626646014,0.38493769985665455,0.3567096703054361,0.09576579556731724,0.16258683427059212,13.15339096130417,8.748826291079812,57951.0,0.4865023474178404,17.48189661668299,9,36,0,152,7,131627.0,169436.0,134337.0,154581.0,11359.0,24148.0,12872.0,18597.0,18698.0,20351.0,21136.0,19507.25,0,74.54326923076924,1,Efficient,TIER_1,0,0.3972042259748428,,0,0.004308829614475048,0
W154,2025-09-08,2025,Q3,Sep,None,7615.0,6694.0,1690.0,3272.0,19271.0,2151250.0,47597.0,2.21,0.4,3922.0,1696.0,843.0,50.3,22.86,3262.0,98.17,166496.0,5565.0,7660.0,153271.0,69287.0,83984.0,54.8,23506.0,12298.0,28909.0,2412.0,718.0,6445.0,19334.0,12.6,66521.0,3.0,7.95,335.8,940455.0,254.85,11.15,0,3.342422640784163,4.600711128195272,3.563249784650293,43.24324324324324,0.3951533392143636,0.3473613201183125,0.08769653884074516,0.1697888018265788,12.573154738991722,11.399764150943396,64713.0,0.4970518867924528,17.075896504766227,9,37,0,153,8,137896.0,150250.0,136124.0,146696.0,14908.0,17821.0,14243.0,16287.0,18138.0,20062.0,18744.0,18954.0,0,86.70673076923077,1,Efficient,TIER_1,0,0.4089228928199459,,0,0.015297402242636858,0
W155,2025-09-15,2025,Q3,Sep,None,7826.0,6950.0,1493.0,3186.0,19455.0,1961678.0,46885.0,2.39,0.41,3909.0,1766.0,847.0,52.0,22.97,3828.0,89.0,157174.0,3799.0,6646.0,146729.0,66751.0,79978.0,54.5,23175.0,12210.0,25138.0,2416.0,715.0,5502.0,16505.0,11.2,59973.0,2.9,7.54,311.1,957672.0,194.46,8.47,0,2.4170664359245166,4.228434728390192,3.766663111869468,45.17779483243796,0.4022616294011822,0.35723464405037264,0.07674119763556926,0.16376252891287588,13.259137593795364,9.345979614949037,60523.0,0.4796149490373726,17.463019693654267,9,38,0,154,9,153271.0,167011.0,138036.0,147451.25,19334.0,21060.0,14164.0,16665.25,19271.0,18918.0,18934.0,18756.25,0,74.27884615384615,1,Efficient,TIER_1,0,0.4076889293268337,,0,0.018162378238275753,0
W156,2025-09-22,2025,Q3,Sep,None,8795.0,5992.0,1648.0,2872.0,19307.0,1999482.0,47869.0,2.39,0.4,3881.0,1689.0,759.0,55.1,25.44,3020.0,88.65,149730.0,5156.0,5672.0,138902.0,63461.0,75441.0,54.3,23394.0,12197.0,20543.0,2420.0,712.0,4353.0,13058.0,9.4,52307.0,2.6,7.19,290.7,974286.0,206.81,8.13,0,3.4435316903760103,3.7881520069458356,3.528379535816499,43.519711414583874,0.45553426218469983,0.3103537577044595,0.08535764230589941,0.1487543378049412,13.89972786568948,7.731201894612196,56134.0,0.4493783303730018,17.747203905424605,9,39,0,155,10,146729.0,131627.0,139307.0,142380.75,16505.0,11359.0,16120.0,15526.5,19455.0,18698.0,18246.0,18890.5,0,66.15384615384615,1,Efficient,TIER_1,0,0.40496410811500555,,0,0.026126398380155076,0
W157,2025-09-29,2025,Q3,Sep,None,7867.0,6390.0,1679.0,3137.0,19073.0,1997344.0,38265.0,1.92,0.5,3075.0,1452.0,546.0,62.4,34.93,3085.0,92.46,134252.0,4688.0,4464.0,125100.0,59570.0,65530.0,52.4,23923.0,11756.0,10778.0,2424.0,710.0,1911.0,5733.0,4.6,37836.0,2.1,6.56,243.6,994048.0,212.82,6.09,0,3.4919405297500226,3.3250901290111137,3.794590356722854,47.21951219512195,0.4124678865411839,0.33502857442457923,0.08803019975882137,0.16447333927541552,15.246203037569945,3.9483471074380163,46457.0,0.3760330578512397,18.155464640561075,9,40,0,156,11,138902.0,137896.0,141325.0,144199.5,13058.0,14908.0,16044.0,15951.25,19307.0,18138.0,19747.0,19042.75,0,40.98557692307692,2,Burn,TIER_3,0,0.5046680068566516,,0,0.005835066013399339,0
W158,2025-10-06,2025,Q4,Oct,None,8801.0,7515.0,1632.0,3307.0,21255.0,2216594.0,43468.0,1.96,0.49,3936.0,1793.0,880.0,50.9,24.15,3662.0,92.36,165601.0,7555.0,8290.0,149756.0,66149.0,83607.0,55.8,23227.0,12341.0,26784.0,2428.0,708.0,5912.0,17736.0,11.8,48986.0,2.3,7.05,293.4,994194.0,226.7,9.39,0,4.562170518293971,5.006008417823564,4.124873470138953,45.55386178861789,0.41406727828746176,0.35356386732533523,0.07678193366266761,0.1555869207245354,14.19308742220679,9.891801450083658,62352.0,0.49079754601226994,17.496330711155693,10,41,1,157,12,125100.0,153271.0,130938.0,141000.5,5733.0,19334.0,11909.0,13657.5,19073.0,19271.0,18458.0,19276.5,0,75.40865384615385,1,Efficient,TIER_1,0,0.41752646279724853,,0,0.014931135641052215,0
W159,2025-10-13,2025,Q4,Oct,None,7918.0,6432.0,1759.0,3731.0,19840.0,2257625.0,52439.0,2.32,0.38,4565.0,1888.0,961.0,49.1,20.65,4261.0,89.44,168863.0,4685.0,6541.0,157637.0,72876.0,84761.0,53.8,23579.0,12368.0,28974.0,2432.0,705.0,6459.0,19378.0,12.3,67991.0,3.0,7.95,327.2,987310.0,180.12,8.72,0,2.7744384501045225,3.8735543014159406,3.6003737676157064,41.35815991237678,0.3990927419354839,0.3241935483870968,0.08865927419354838,0.18805443548387096,12.585877681001287,10.263771186440678,64921.0,0.5090042372881356,17.697850753759838,10,42,1,158,13,149756.0,146729.0,168316.0,140121.75,17736.0,16505.0,22895.0,13258.0,21255.0,19455.0,23669.0,19772.5,0,82.47596153846155,1,Efficient,TIER_1,0,0.44190107919948013,,0,0.004296361673638663,0
W160,2025-10-20,2025,Q4,Oct,Festive Sale,8849.0,7520.0,1833.0,4141.0,22343.0,2636506.0,56454.0,2.14,0.4,5093.0,2312.0,1123.0,51.4,19.9,4718.0,88.08,203641.0,20969.0,14148.0,168524.0,76622.0,91902.0,54.5,23700.0,12408.0,33451.0,2436.0,702.0,7578.0,22735.0,13.5,58715.0,2.4,7.54,311.3,1010390.0,198.29,9.96,1,10.2970423441252,6.9475203912768055,4.09536968151061,45.395641075986646,0.39605245490757734,0.33657073803875937,0.0820391173969476,0.18533768965671574,13.258052265552681,9.83347750865052,69559.0,0.4857266435986159,17.286102889599835,10,43,1,159,0,157637.0,138902.0,133889.0,142848.75,19378.0,13058.0,13221.0,13976.25,19840.0,19307.0,20053.0,19868.75,0,82.74038461538461,0,Steady,TIER_2,0,0.48382628011975787,,1,0.010937515685189246,0
W161,2025-10-27,2025,Q4,Oct,Festive Sale,8969.0,8067.0,2225.0,3888.0,23149.0,2718608.0,57135.0,2.1,0.41,4852.0,2587.0,1099.0,57.5,21.06,5637.0,93.65,242273.0,27430.0,8797.0,206046.0,89386.0,116660.0,56.6,24243.0,13097.0,56171.0,2440.0,700.0,13258.0,39773.0,19.3,72534.0,2.5,8.9,404.0,1018897.0,196.89,9.35,1,11.321938474365695,3.6310278074733873,4.52787258248009,53.31821929101401,0.3874465419672556,0.3484815758780077,0.09611646291416476,0.16795541924057195,11.23486988342409,15.374178585233862,93511.0,0.4248163896405102,16.844335333697035,10,44,1,160,0,168524.0,125100.0,157090.0,150254.25,22735.0,5733.0,21142.0,16395.5,22343.0,19073.0,19746.0,20627.75,0,90.88942307692307,1,Efficient,TIER_1,1,0.5758759461143363,lead to order % is 2.3 std dev above normal (53.32 vs typical 45.04),1,0.007243743470104165,0
W162,2025-11-03,2025,Q4,Nov,None,7715.0,7118.0,1870.0,3340.0,20043.0,2311586.0,46857.0,2.03,0.43,4175.0,1621.0,789.0,51.3,25.4,3327.0,90.07,146003.0,5098.0,5101.0,135804.0,62564.0,73240.0,53.9,24045.0,11570.0,17582.0,2444.0,698.0,3610.0,10830.0,8.0,50706.0,2.6,6.78,265.4,1048584.0,239.53,9.43,0,3.491709074471073,3.493763826770683,3.459461766651727,38.82634730538922,0.3849224168038717,0.3551364566182707,0.09329940627650551,0.1666417203013521,14.758769992047363,6.681061073411475,53197.0,0.48673658235657,18.839771461425133,11,45,1,161,1,206046.0,149756.0,169436.0,170490.75,39773.0,17736.0,24148.0,24905.5,23149.0,21255.0,20351.0,21646.75,0,65.69711538461539,2,Burn,TIER_3,0,0.42460290619343005,,0,0.11195960803229571,1
W163,2025-11-10,2025,Q4,Nov,None,9316.0,6710.0,1685.0,3284.0,20995.0,2171565.0,46972.0,2.16,0.45,3835.0,1768.0,874.0,50.6,24.02,3737.0,87.97,155531.0,4167.0,7634.0,143730.0,67097.0,76633.0,53.3,23761.0,11348.0,20529.0,2448.0,695.0,4346.0,13040.0,9.1,48511.0,2.4,6.85,265.0,1059747.0,174.5,7.26,0,2.67920864650777,4.90834624608599,3.7639444775611,46.101694915254235,0.4437246963562753,0.3195999047392236,0.08025720409621338,0.1564181948082877,14.607249704306685,7.375565610859729,55638.0,0.49434389140271495,18.888974048196207,11,46,1,162,2,135804.0,157637.0,150250.0,167002.75,10830.0,19378.0,17821.0,23179.0,20043.0,19840.0,20062.0,21343.75,0,59.01442307692308,1,Efficient,TIER_1,0,0.3900138808161456,,0,0.01711995109910676,0
W164,2025-11-17,2025,Q4,Nov,None,7626.0,7313.0,1755.0,3221.0,19915.0,2201691.0,45897.0,2.08,0.43,4720.0,1904.0,995.0,47.7,20.02,4167.0,96.77,184250.0,5082.0,10545.0,168623.0,74500.0,94123.0,55.8,24240.0,11957.0,38011.0,2452.0,692.0,8717.0,26150.0,15.5,55802.0,2.3,8.47,372.6,1067983.0,209.82,10.48,0,2.7582089552238807,5.723202170963365,4.148419286663616,40.33898305084746,0.3829274416269144,0.3672106452422797,0.08812452924930957,0.16173738388149636,11.81036987836772,13.734243697478991,74208.0,0.5225840336134454,19.03305888223553,11,47,1,163,3,143730.0,168524.0,167011.0,163526.0,13040.0,22735.0,21060.0,21594.5,20995.0,22343.0,18918.0,21632.5,0,91.92307692307692,1,Efficient,TIER_1,0,0.4861651052020542,,0,0.06174413154325924,1
W165,2025-11-24,2025,Q4,Nov,Black Friday,10092.0,8355.0,1676.0,3558.0,23681.0,2610224.0,57488.0,2.2,0.41,4165.0,1974.0,839.0,57.5,28.23,4036.0,91.38,180384.0,17660.0,8210.0,154514.0,69795.0,84719.0,54.8,23784.0,11953.0,25301.0,2456.0,690.0,5539.0,16616.0,10.8,58403.0,2.6,6.52,257.8,1076146.0,194.69,6.9,1,9.79022529714387,4.5514014546744725,3.4337600890620648,47.39495798319327,0.42616443562349565,0.35281449263122333,0.0707740382585195,0.15024703348676155,15.32611931604903,8.41742654508612,61038.0,0.42502532928064846,18.111447709448317,11,48,1,164,0,168623.0,206046.0,131627.0,163550.75,26150.0,39773.0,11359.0,22448.25,19915.0,23149.0,18698.0,21025.5,0,55.1923076923077,0,Steady,TIER_2,0,0.43895473253394984,,1,0.013247479252249577,0
W166,2025-12-01,2025,Q4,Dec,None,7560.0,7067.0,1569.0,3225.0,19421.0,2134510.0,42666.0,2.0,0.46,4057.0,1800.0,812.0,54.9,23.92,3995.0,91.12,164016.0,4106.0,8132.0,151778.0,65422.0,86356.0,56.9,24237.0,12117.0,30581.0,2460.0,688.0,6858.0,20575.0,13.6,52263.0,2.4,7.82,344.7,1095034.0,194.48,8.13,0,2.503414301043801,4.95805287289045,4.218815918998734,44.36775942814888,0.38926934761340815,0.3638844549714227,0.08078883682611605,0.1660573605890531,12.795662085414222,11.430555555555555,66935.0,0.45111111111111113,19.63306140744061,12,49,1,165,1,154514.0,135804.0,137896.0,150667.75,16616.0,10830.0,14908.0,16659.0,23681.0,20043.0,18138.0,21158.5,0,81.00961538461539,1,Efficient,TIER_1,0,0.42634266521372927,,0,0.1802136483324935,1
W167,2025-12-08,2025,Q4,Dec,None,8594.0,6930.0,1672.0,3088.0,20284.0,2147097.0,42795.0,1.99,0.47,4106.0,1903.0,932.0,51.0,21.76,3769.0,87.62,166741.0,4592.0,5044.0,157105.0,68612.0,88493.0,56.3,23701.0,12712.0,31796.0,2464.0,685.0,7162.0,21485.0,13.7,55043.0,2.5,7.75,336.3,1105460.0,227.2,10.44,0,2.75397172860904,3.02505082733101,4.446781166024069,46.34680954700438,0.4236836915795701,0.34164859002169196,0.0824295010845987,0.15223821731413922,12.911110403870024,11.2900683131897,68209.0,0.48975302154492906,19.49768065329735,12,50,1,166,2,151778.0,143730.0,153271.0,154661.25,20575.0,13040.0,19334.0,19095.25,19421.0,20995.0,19271.0,21003.0,0,87.59615384615384,1,Efficient,TIER_1,0,0.45504493007176916,,0,0.11030220992940906,1
W168,2025-12-15,2025,Q4,Dec,Year-End Sale,9780.0,9158.0,1863.0,3509.0,24310.0,2710716.0,58770.0,2.17,0.41,4595.0,2208.0,1021.0,53.8,23.81,4715.0,87.21,192560.0,17880.0,7622.0,167058.0,77611.0,89447.0,53.5,24319.0,12327.0,28491.0,2468.0,682.0,6335.0,19006.0,11.4,58262.0,2.4,6.87,267.9,1114212.0,229.87,9.65,1,9.285417532197757,3.9582467802243455,3.7570188871873405,48.052230685527746,0.402303578774167,0.376717400246812,0.07663512957630604,0.14434389140271492,14.551832297764847,8.607789855072463,65137.0,0.4624094202898551,18.278955312028348,12,51,1,167,0,157105.0,168623.0,146729.0,158005.0,21485.0,26150.0,16505.0,21206.5,20284.0,19915.0,19455.0,20825.25,0,73.91826923076923,0,Steady,TIER_2,0,0.41744992285665744,,1,0.003898925799122905,0
W169,2025-12-22,2025,Q4,Dec,Year-End Sale,9428.0,7769.0,2117.0,3987.0,23301.0,2488995.0,65765.0,2.5949999999999998,0.35,6763.0,2808.0,1166.0,58.5,19.98,6208.0,89.78,252102.0,26453.0,9179.0,216470.0,96778.0,119692.0,55.3,23997.0,13743.0,58651.0,2472.0,680.0,13875.0,41624.0,19.2,86782.0,2.8,9.29,413.7,1108976.0,201.44,10.08,1,10.492975065648032,3.6409865847950433,4.269748346384855,41.52003548720982,0.40461782756104886,0.33341916655937515,0.09085446976524612,0.17110853611432986,10.76407816325588,14.823361823361823,96391.0,0.41524216524216523,18.167723333497158,12,52,1,168,0,167058.0,154514.0,138902.0,157613.75,19006.0,16616.0,13058.0,19420.5,24310.0,23681.0,19307.0,21924.0,0,93.65384615384615,1,Efficient,TIER_1,1,0.5941254461687424,CTR % is 2.7 std dev above normal (2.59 vs typical 2.12),1,0.006662188378904749,0
W170,2025-12-29,2025,Q4,Dec,None,8069.0,5753.0,1951.0,3358.0,19131.0,1930126.0,41394.0,2.14,0.46,3848.0,1857.0,885.0,52.3,21.62,4047.0,98.19,182339.0,4809.0,5441.0,172089.0,75504.0,96585.0,56.1,23880.0,12895.0,40679.0,2476.0,678.0,9381.0,28144.0,16.4,63796.0,2.6,9.0,404.9,1148510.0,209.53,9.69,0,2.637395181502586,2.984002325339066,4.486157414117988,48.25883575883576,0.4217761747948356,0.3007161152056871,0.10198107783179133,0.17552663216768596,11.116922057772431,15.155627355950458,77454.0,0.4765751211631664,20.54359102779666,12,1,1,169,1,216470.0,151778.0,125100.0,173102.75,41624.0,20575.0,5733.0,25672.5,23301.0,19421.0,19073.0,21829.0,0,92.45192307692307,1,Efficient,TIER_1,0,0.4985372881562869,,0,0.20118388565214002,1
W171,2026-01-05,2026,Q1,Jan,None,7051.0,6797.0,1434.0,2611.0,17893.0,1883682.0,42063.0,2.23,0.43,3902.0,1383.0,668.0,51.7,26.79,3222.0,90.02,124498.0,2359.0,5719.0,116420.0,52782.0,63638.0,54.7,24109.0,11266.0,10370.0,2480.0,675.0,1804.0,5411.0,4.6,43408.0,2.6,6.51,255.7,1174084.0,173.77,6.49,0,1.894809555173577,4.593648090732382,3.287925254974681,35.44336237826756,0.39406471804616333,0.37986922260101713,0.08014307270999832,0.14592298664282122,15.369352344957912,3.9125090383224874,45745.0,0.48300795372378885,22.041075317263648,1,2,0,170,2,172089.0,157105.0,149756.0,178180.5,28144.0,21485.0,17736.0,27564.75,19131.0,20284.0,21255.0,21756.5,0,42.86057692307692,2,Burn,TIER_3,0,0.4471101436255053,,0,0.06190827586598834,1
W172,2026-01-12,2026,Q1,Jan,None,7645.0,5934.0,1476.0,2968.0,18023.0,1971998.0,39965.0,2.03,0.45,3406.0,1663.0,771.0,53.6,23.38,3340.0,93.69,155806.0,2882.0,4216.0,148708.0,66217.0,82491.0,55.5,24261.0,12251.0,27956.0,2484.0,672.0,6200.0,18600.0,12.5,60060.0,2.8,8.25,357.7,1169216.0,214.58,9.18,0,1.8497362104155166,2.7059291683247113,4.161140998373577,48.825601879036995,0.4241802141707818,0.3292459634910947,0.08189535593408423,0.16467846640403927,12.119724560884418,11.184606133493686,64468.0,0.4636199639206254,21.4397359493903,1,3,0,171,3,116420.0,167058.0,157637.0,168009.25,5411.0,19006.0,19378.0,23546.25,17893.0,24310.0,19840.0,21158.75,0,86.15384615384615,1,Efficient,TIER_1,0,0.46277861173892043,,0,0.08171807494380298,1
W173,2026-01-19,2026,Q1,Jan,None,7206.0,6202.0,1600.0,3215.0,18223.0,1980056.0,41029.0,2.07,0.44,3416.0,1545.0,724.0,53.1,25.17,2989.0,96.64,149309.0,3351.0,5140.0,140818.0,62761.0,78057.0,55.4,24108.0,11767.0,23959.0,2488.0,670.0,5200.0,15601.0,11.1,52711.0,2.6,7.73,328.3,1186853.0,219.78,8.73,0,2.2443389212974436,3.442525232906255,3.7656291891101414,45.22833723653395,0.39543434121714316,0.34033913186632275,0.08780113043955441,0.17642539647697963,12.940817225070658,10.097734627831715,59834.0,0.4686084142394822,21.93894413841547,1,4,0,172,4,148708.0,216470.0,168524.0,163421.75,18600.0,41624.0,22735.0,23444.75,18023.0,23301.0,22343.0,19587.0,0,80.1923076923077,1,Efficient,TIER_1,0,0.4025681226436295,,0,0.01743756275492404,0
W174,2026-01-26,2026,Q1,Jan,None,6837.0,6751.0,1760.0,3244.0,18592.0,2081226.0,41478.0,1.99,0.45,3456.0,1634.0,735.0,55.0,25.3,3236.0,85.22,139249.0,3080.0,5668.0,130501.0,60017.0,70484.0,54.0,24395.0,12196.0,15301.0,2492.0,668.0,3035.0,9106.0,7.0,48138.0,2.6,7.02,279.1,1198471.0,184.29,7.28,0,2.21186507623035,4.070406250673255,3.939437774241767,47.280092592592595,0.36773881239242684,0.3631131669535284,0.09466437177280551,0.17448364888123924,14.246634125408999,5.572827417380661,51892.0,0.44981640146878826,21.718119710780496,1,5,0,173,5,140818.0,172089.0,206046.0,144508.75,15601.0,28144.0,39773.0,16939.0,18223.0,19131.0,23149.0,18317.5,0,57.331730769230774,1,Efficient,TIER_1,0,0.3922238965213714,,0,0.011340532622065705,0
W175,2026-02-02,2026,Q1,Feb,None,7068.0,5699.0,1502.0,3360.0,17629.0,1994404.0,33950.0,1.7,0.52,2992.0,1298.0,674.0,48.1,26.16,2829.0,98.19,127451.0,3705.0,4888.0,118858.0,51901.0,66957.0,56.3,24153.0,11697.0,13478.0,2496.0,665.0,2579.0,7738.0,6.5,47403.0,2.8,6.74,279.8,1205571.0,235.85,9.02,0,2.9069995527692996,3.8351994099693214,3.8232695139911637,43.38235294117647,0.4009302853253162,0.3232741505473935,0.08520052186737762,0.19059504225991264,14.831984384727996,5.961479198767335,49328.0,0.5192604006163328,22.542885992632623,2,6,0,174,6,130501.0,116420.0,135804.0,134111.75,9106.0,5411.0,10830.0,12179.5,18592.0,17893.0,20043.0,18182.75,0,62.47596153846154,1,Efficient,TIER_1,0,0.49623644825797547,,0,0.05054895936692634,1
W176,2026-02-09,2026,Q1,Feb,Valentine Promo,9325.0,6952.0,1983.0,3731.0,21991.0,2275773.0,47639.0,2.09,0.46,4583.0,1875.0,795.0,57.6,27.66,4050.0,86.32,161850.0,20592.0,7797.0,133461.0,58750.0,74711.0,56.0,24478.0,11268.0,16974.0,2500.0,662.0,3453.0,10359.0,7.8,54282.0,2.8,6.07,239.7,1206372.0,208.76,7.55,1,12.72289156626506,4.817423540315106,3.935850878481916,40.91206633209688,0.42403710608885453,0.3161293256332136,0.09017325269428403,0.16966031558364786,16.477472819775066,5.5248,52720.0,0.424,20.894261911772347,2,7,0,175,0,118858.0,148708.0,143730.0,134721.25,7738.0,18600.0,13040.0,12761.25,17629.0,18023.0,20995.0,18116.75,0,47.668269230769226,0,Steady,TIER_2,0,0.47134218093939406,,1,0.0014642482450946093,0
W177,2026-02-16,2026,Q1,Feb,None,8728.0,5770.0,1874.0,2986.0,19358.0,2035928.0,37225.0,1.83,0.52,3218.0,1504.0,657.0,56.3,29.46,3177.0,95.73,143978.0,3712.0,6831.0,133435.0,60432.0,73003.0,54.7,24469.0,11817.0,17359.0,2504.0,660.0,3549.0,10646.0,8.0,49920.0,2.6,6.89,277.1,1218560.0,225.01,7.64,0,2.5781716651155038,4.744474850324355,4.040295500335795,46.73710379117465,0.4508730240727348,0.29806798222956915,0.0968075214381651,0.15425147225953095,14.50743807846517,7.07845744680851,53645.0,0.43683510638297873,21.899216447415714,2,8,0,176,1,133461.0,140818.0,168623.0,130909.5,10359.0,15601.0,26150.0,10701.0,21991.0,18223.0,19915.0,19108.75,0,60.3125,1,Efficient,TIER_1,0,0.44452732556059477,,0,0.0380887114186104,0
W178,2026-02-23,2026,Q1,Feb,None,8003.0,6180.0,1481.0,2954.0,18618.0,1999908.0,35249.0,1.76,0.53,2739.0,1340.0,617.0,54.0,30.18,2633.0,95.5,127970.0,3245.0,6674.0,118051.0,54555.0,63496.0,53.8,24379.0,12113.0,8386.0,2508.0,658.0,1305.0,3915.0,3.3,45240.0,2.7,6.34,241.0,1227706.0,210.92,6.99,0,2.5357505665390323,5.21528483238259,3.801526284433601,48.92296458561518,0.4298528305940488,0.33193683532065743,0.07954667526050059,0.15866365882479322,15.771149757308281,2.921641791044776,44878.0,0.46044776119402986,22.27737252767193,2,9,0,177,2,133435.0,130501.0,154514.0,129063.75,10646.0,9106.0,16616.0,9462.25,19358.0,18592.0,23681.0,19392.5,0,39.97596153846154,2,Burn,TIER_3,0,0.4683211007170881,,0,0.018568887982979527,0
W179,2026-03-02,2026,Q1,Mar,None,7906.0,6795.0,1535.0,3297.0,19533.0,1986178.0,38148.0,1.92,0.51,3494.0,1619.0,802.0,50.5,24.36,3549.0,98.77,159909.0,4375.0,8158.0,147376.0,68712.0,78664.0,53.4,24320.0,11977.0,22834.0,2512.0,655.0,4917.0,14750.0,10.0,51394.0,2.4,7.54,302.7,1231439.0,204.09,8.38,0,2.7359310607908247,5.101651564327211,4.243997064066268,46.33657698912421,0.4047509343162853,0.34787283059437873,0.07858495878769262,0.16879127630164337,13.253854087504072,9.110562075355158,59131.0,0.49536751080914143,22.05694071287838,3,10,0,178,3,118051.0,118858.0,151778.0,125951.25,3915.0,7738.0,20575.0,8164.5,18618.0,17629.0,19421.0,19399.0,0,74.78365384615384,1,Efficient,TIER_1,0,0.44640060063376436,,0,0.042472828762041,0
W180,2026-03-09,2026,Q1,Mar,None,8194.0,6887.0,1649.0,3330.0,20060.0,2310810.0,53120.0,2.3,0.38,4907.0,2208.0,883.0,60.0,22.72,4312.0,96.84,213823.0,8111.0,11573.0,194139.0,86247.0,107892.0,55.6,24498.0,13173.0,50161.0,2516.0,652.0,11748.0,35245.0,18.2,67089.0,2.4,9.523750000000001,437.8,1235882.0,236.9,10.43,0,3.793324385122274,5.412420553448413,4.156626506024097,44.99694314244957,0.40847457627118644,0.3433200398803589,0.08220338983050847,0.16600199401794616,10.332802785632975,15.962409420289855,87832.0,0.3999094202898551,21.407597304740953,3,11,0,179,4,147376.0,133461.0,157105.0,133080.75,14750.0,10359.0,21485.0,9917.5,19533.0,21991.0,20284.0,19875.0,0,94.83173076923077,1,Efficient,TIER_1,0,0.5047917038083347,,0,0.060784753883519095,1
W181,2026-03-16,2026,Q1,Mar,None,8837.0,6825.0,1650.0,3565.0,20877.0,2175566.0,45542.0,2.09,0.46,4110.0,1582.0,645.0,59.2,32.37,3542.0,85.83,135783.0,4613.0,6108.0,125062.0,57770.0,67292.0,53.8,24629.0,11840.0,9946.0,2520.0,650.0,1694.0,5082.0,4.1,51371.0,2.9,5.99,222.3,1256662.0,194.11,6.0,0,3.3973325084878074,4.498353991294934,3.473716569320627,38.491484184914846,0.42328878670307035,0.32691478660727114,0.07903434401494468,0.1707620826747138,16.69332011322384,3.2123893805309733,46415.0,0.4077117572692794,21.9136818609842,3,12,0,180,5,194139.0,133435.0,167058.0,148250.25,35245.0,10646.0,19006.0,16139.0,20060.0,19358.0,24310.0,19392.25,0,32.66826923076923,2,Burn,TIER_3,0,0.4284263051616651,,0,0.008829457614368567,0
W182,2026-03-23,2026,Q1,Mar,Spring Launch,9779.0,7177.0,2153.0,4189.0,23298.0,2271228.0,56635.0,2.49,0.41,5152.0,2381.0,901.0,62.2,25.86,5817.0,88.28,210195.0,24404.0,9969.0,175822.0,77802.0,98020.0,55.7,25033.0,12231.0,37458.0,2524.0,648.0,8572.0,25714.0,14.6,69942.0,2.8,7.55,320.7,1253472.0,219.63,8.49,1,11.610171507409786,4.742738885320773,4.204114063741502,46.215062111801245,0.4197355996222852,0.3080521933213151,0.0924113657824706,0.1798008412739291,13.250901479905814,10.799664006719865,74722.0,0.37841243175136496,20.69733496251775,3,13,0,181,0,125062.0,118051.0,216470.0,146157.0,5082.0,3915.0,41624.0,14748.0,20877.0,18618.0,23301.0,19772.0,0,81.92307692307692,0,Steady,TIER_2,0,0.4993498518758267,,1,0.0006152627764050738,0
W183,2026-03-30,2026,Q1,Mar,Spring Launch,9430.0,6731.0,2089.0,3885.0,22135.0,2207366.0,52130.0,2.36,0.42,4318.0,1950.0,900.0,53.8,24.59,4181.0,91.74,178893.0,15871.0,8782.0,154240.0,73013.0,81227.0,52.7,24791.0,12427.0,21874.0,2528.0,645.0,4675.0,14026.0,9.1,61420.0,2.8,6.97,267.0,1271534.0,214.52,8.72,1,8.871783691927577,4.909079729223614,3.7406483790523692,45.15979620194535,0.4260221368872826,0.30408854754913034,0.09437542353738423,0.17551389202620285,14.35101141078838,7.1928205128205125,59092.0,0.46153846153846156,21.423247350597276,3,14,0,182,0,175822.0,147376.0,172089.0,160599.75,25714.0,14750.0,28144.0,20197.75,23298.0,19533.0,19131.0,20942.0,0,68.70192307692308,0,Steady,TIER_2,0,0.4361486398012134,,1,0.007829529021950474,0
W184,2026-04-06,2026,Q2,Apr,None,8937.0,6885.0,1537.0,3058.0,20417.0,2026990.0,44946.0,2.22,0.45,3486.0,1600.0,664.0,58.5,30.75,3472.0,94.39,151024.0,4138.0,6967.0,139919.0,61211.0,78708.0,56.3,24834.0,11388.0,22069.0,2532.0,642.0,4724.0,14171.0,10.1,54741.0,2.7,6.85,285.5,1287831.0,200.53,6.52,0,2.7399618603665643,4.613174065049264,3.5598273483736036,45.897877223178426,0.43772346573933485,0.33721898417985013,0.07528040358524758,0.14977714649556742,14.59201395092875,8.856875,58291.0,0.415,22.737530676742175,4,15,0,183,1,154240.0,194139.0,116420.0,162315.75,14026.0,35245.0,5411.0,20016.75,22135.0,20060.0,17893.0,21592.5,0,60.21634615384615,2,Burn,TIER_3,0,0.40795532984349975,,0,0.020143442993696248,0
W185,2026-04-13,2026,Q2,Apr,None,8612.0,6685.0,1832.0,3301.0,20430.0,2154175.0,42327.0,1.96,0.48,3304.0,1424.0,633.0,55.5,32.27,2906.0,97.04,138185.0,4417.0,5779.0,127989.0,59723.0,68266.0,53.3,25388.0,11466.0,10982.0,2536.0,640.0,1952.0,5854.0,4.6,48872.0,2.7,6.26,234.1,1299163.0,194.98,6.04,0,3.1964395556681264,4.182074754857618,3.3642828454650697,43.09927360774818,0.4215369554576603,0.32721488007831623,0.08967205090553108,0.1615761135584924,15.962309260952113,4.110955056179775,47836.0,0.44452247191011235,22.67933454367712,4,16,0,184,2,139919.0,125062.0,148708.0,148760.75,14171.0,5082.0,18600.0,14748.25,20417.0,20877.0,18023.0,21681.75,0,38.53365384615385,2,Burn,TIER_3,0,0.4135339632749193,,0,0.05456311520274073,1
W186,2026-04-20,2026,Q2,Apr,None,9331.0,7191.0,1710.0,3454.0,21686.0,2256706.0,49164.0,2.18,0.44,3536.0,1704.0,829.0,51.3,26.16,3208.0,98.33,167554.0,5614.0,7094.0,154846.0,68680.0,86166.0,55.6,24788.0,12692.0,27000.0,2540.0,638.0,5956.0,17866.0,11.5,63155.0,2.9,7.14,297.3,1296353.0,217.23,8.3,0,3.3505616099884215,4.233858935029901,3.4659506956309496,48.19004524886878,0.4302775984506133,0.33159642165452363,0.07885271603799686,0.1592732638568662,14.004882270126448,10.484741784037558,64480.0,0.4865023474178404,21.91043842747524,4,17,0,185,3,127989.0,175822.0,140818.0,149492.5,5854.0,25714.0,15601.0,14941.25,20430.0,23298.0,18223.0,21570.0,0,73.02884615384616,1,Efficient,TIER_1,0,0.3944329330956112,,0,0.0165817871503981,0
W187,2026-04-27,2026,Q2,Apr,None,8597.0,7364.0,1956.0,3379.0,21296.0,2224185.0,49139.0,2.21,0.43,4270.0,1583.0,688.0,56.5,30.95,3210.0,97.73,154707.0,3799.0,5950.0,144958.0,68900.0,76058.0,52.5,24813.0,12216.0,17733.0,2544.0,635.0,3638.0,10916.0,7.5,60506.0,2.9,6.81,257.1,1307004.0,199.24,6.44,0,2.4556096362801942,3.8459798199176505,3.2214737784651706,37.07259953161592,0.403690833959429,0.3457926371149512,0.09184823441021787,0.15866829451540196,14.691151919866444,6.895767530006317,54762.0,0.43461781427668983,22.408984140591514,4,18,0,186,4,154846.0,154240.0,130501.0,144248.5,17866.0,14026.0,9106.0,12979.25,21686.0,22135.0,18592.0,21167.0,0,52.69230769230769,2,Burn,TIER_3,0,0.4537306169297584,,0,0.01805642502706694,0
W188,2026-05-04,2026,Q2,May,None,7815.0,7137.0,1729.0,3312.0,19993.0,2234918.0,45000.0,2.01,0.44,3795.0,1820.0,854.0,53.1,23.41,3583.0,94.68,172318.0,5207.0,8336.0,158775.0,72808.0,85967.0,54.1,24901.0,12237.0,28836.0,2548.0,632.0,6414.0,19242.0,12.1,66122.0,2.9,7.94,330.0,1313557.0,226.74,9.69,0,3.021738878120684,4.837567752643369,4.044444444444444,47.95783926218709,0.39088681038363426,0.3569749412294303,0.08648026809383284,0.16565798029310258,12.592032750747913,10.572527472527472,65974.0,0.46923076923076923,22.99201834380634,5,19,0,187,5,144958.0,139919.0,118858.0,141928.0,10916.0,14171.0,7738.0,12201.75,21296.0,20417.0,17629.0,20957.25,0,87.3798076923077,1,Efficient,TIER_1,0,0.4013823272702547,,0,0.028346567488030546,0
W189,2026-05-11,2026,Q2,May,None,7780.0,7494.0,1739.0,3536.0,20549.0,2301554.0,50264.0,2.18,0.41,4096.0,1665.0,746.0,55.2,27.55,3207.0,88.54,147419.0,2626.0,6523.0,138270.0,60663.0,77607.0,56.1,24511.0,12136.0,20411.0,2552.0,630.0,4307.0,12922.0,9.3,51985.0,2.6,6.73,277.7,1336707.0,213.85,7.76,0,1.781317197918857,4.42480277304825,3.3125099474773196,40.6494140625,0.3786072314954499,0.36468927928366346,0.08462698914789041,0.17207650007299624,14.861502856729587,7.760960960960961,57058.0,0.44804804804804804,23.37063780683964,5,20,0,188,6,158775.0,127989.0,133461.0,146642.0,19242.0,5854.0,10359.0,13469.5,19993.0,20430.0,21991.0,20851.25,0,62.45192307692307,2,Burn,TIER_3,0,0.4193545482131241,,0,0.005605804675766464,0
W190,2026-05-18,2026,Q2,May,None,9658.0,7274.0,1901.0,3373.0,22206.0,2341836.0,51167.0,2.18,0.43,3139.0,1553.0,756.0,51.3,29.37,3582.0,93.95,145904.0,4562.0,5792.0,135550.0,60259.0,75291.0,55.5,24684.0,11888.0,16513.0,2556.0,628.0,3332.0,9997.0,7.4,59029.0,3.0,6.1,239.1,1337218.0,236.19,8.04,0,3.1267134554227436,3.969733523412655,3.035159380069185,49.474354890092386,0.4349274970728632,0.32756912546158695,0.08560749347023328,0.1518958839953166,16.382146809295463,6.4372182871860915,53085.0,0.4867997424339987,22.750314743611554,5,21,0,189,7,138270.0,154846.0,133435.0,149212.25,12922.0,17866.0,10646.0,15236.5,20549.0,21686.0,19358.0,20881.0,0,51.49038461538461,2,Burn,TIER_3,0,0.4488985225202755,,0,0.004150454286611702,0
W191,2026-05-25,2026,Q2,May,None,9756.0,7466.0,1940.0,3361.0,22523.0,2384001.0,48099.0,2.02,0.47,3608.0,1690.0,810.0,52.1,27.81,3604.0,97.38,164572.0,5690.0,6534.0,152348.0,70176.0,82172.0,53.9,24701.0,12262.0,22686.0,2560.0,625.0,4875.0,14626.0,9.6,59284.0,2.7,6.76,264.8,1346836.0,226.69,8.15,0,3.457453272731692,3.9702987142405757,3.513586561051165,46.84035476718403,0.43315721706699817,0.3314833725525019,0.08613417395551215,0.14922523642498778,14.783915771785649,8.654437869822486,59649.0,0.47928994082840237,22.641226507077295,5,22,0,190,8,135550.0,144958.0,118051.0,144388.25,9997.0,10916.0,3915.0,13269.25,22206.0,21296.0,18618.0,21011.0,0,65.21634615384616,2,Burn,TIER_3,0,0.3957384897253943,,0,0.00352987769732579,0
W192,2026-06-01,2026,Q2,Jun,None,8639.0,6878.0,1909.0,3610.0,21036.0,2313017.0,44678.0,1.93,0.47,4198.0,2043.0,883.0,56.8,23.82,4383.0,91.7,187343.0,5305.0,6616.0,175422.0,81460.0,93962.0,53.6,25021.0,12990.0,34915.0,2564.0,622.0,7932.0,23797.0,13.6,71098.0,2.8,8.34,346.7,1349484.0,209.51,8.8,0,2.8317044138291796,3.5314903679347505,4.572720354536909,48.66603144354455,0.410676934778475,0.32696330100779614,0.09074919186157064,0.1716105723521582,11.991654410507234,11.648066568771414,72926.0,0.4322075379344102,22.854404118752857,6,23,0,191,9,152348.0,158775.0,147376.0,146235.75,14626.0,19242.0,14750.0,14196.75,22523.0,19993.0,19533.0,21317.75,0,89.03846153846155,1,Efficient,TIER_1,0,0.4658853046840395,,0,0.0037243178536474574,0
W193,2026-06-08,2026,Q2,Jun,None,8552.0,7175.0,1640.0,3449.0,20816.0,2004043.0,38525.0,1.92,0.54,3070.0,1522.0,690.0,54.7,30.17,3140.0,98.39,149750.0,6125.0,7911.0,135714.0,61059.0,74655.0,55.0,24850.0,11651.0,17338.0,2568.0,620.0,3538.0,10612.0,7.8,53103.0,2.7,6.52,258.6,1375353.0,246.76,8.18,0,4.090150250417363,5.282804674457429,3.950681375730045,49.576547231270354,0.4108378170637971,0.34468677940046116,0.07878554957724827,0.16568985395849348,15.3381375539738,6.972404730617608,53839.0,0.4533508541392904,23.995551058150287,6,24,0,192,10,175422.0,138270.0,194139.0,150397.5,23797.0,12922.0,35245.0,15335.5,21036.0,20549.0,20060.0,21578.5,0,59.18269230769231,2,Burn,TIER_3,0,0.4520508878883754,,0,0.026255362965268158,0
W194,2026-06-15,2026,Q2,Jun,None,9722.0,7394.0,1936.0,3623.0,22675.0,2335748.0,49354.0,2.11,0.46,4337.0,1857.0,932.0,49.8,24.33,3861.0,99.56,184883.0,4569.0,8436.0,171878.0,77718.0,94160.0,54.8,24961.0,12691.0,33833.0,2572.0,618.0,7661.0,22982.0,13.4,67012.0,2.7,7.58,315.3,1375507.0,236.84,9.73,0,2.4712926553550085,4.5628857169128585,3.762612959435912,42.817615863500116,0.42875413450937155,0.32608599779492836,0.08538037486218301,0.15977949283351708,13.192497003688663,12.37587506731287,71485.0,0.501884760366182,22.80085202314055,6,25,0,193,11,135714.0,135550.0,125062.0,149758.5,10612.0,9997.0,5082.0,14758.0,20816.0,22206.0,20877.0,21645.25,0,86.49038461538461,1,Efficient,TIER_1,0,0.39671094084151826,,0,0.0008443432366633162,0
W195,2026-06-22,2026,Q2,Jun,None,8161.0,7736.0,1736.0,3641.0,21274.0,2084831.0,44804.0,2.15,0.47,3310.0,1570.0,747.0,52.4,28.48,3479.0,96.65,151740.0,4750.0,5781.0,141209.0,64953.0,76256.0,54.0,25232.0,11945.0,17805.0,2576.0,615.0,3654.0,10960.0,7.8,49504.0,2.5,6.64,258.4,1401071.0,220.27,7.73,0,3.1303545538420985,3.8098062475286674,3.504151415052228,47.43202416918429,0.38361380088370783,0.36363636363636365,0.08160195543856351,0.17114788004136505,15.065611965243008,6.980891719745223,54982.0,0.47579617834394905,23.970009067423995,6,26,0,194,12,171878.0,152348.0,175822.0,158840.5,22982.0,14626.0,25714.0,18004.25,22675.0,22523.0,23298.0,21762.5,0,58.19711538461538,2,Burn,TIER_3,0,0.39819309405457143,,0,0.0019280223414423617,0
W196,2026-06-29,2026,Q2,Jun,None,8312.0,7130.0,1907.0,3295.0,20644.0,2198943.0,43564.0,1.98,0.47,4204.0,2069.0,836.0,59.6,24.69,4337.0,84.46,174748.0,5205.0,8994.0,160549.0,72719.0,87830.0,54.7,25209.0,11832.0,30145.0,2580.0,612.0,6738.0,20215.0,12.6,65513.0,2.9,7.78,325.5,1397750.0,214.56,8.69,0,2.97857486208712,5.146840021058896,4.749334312735286,49.2150333016175,0.4026351482270878,0.34537880255764386,0.09237550862236,0.15961054059290836,12.85837968470685,9.770420492991784,67186.0,0.4040599323344611,24.23073589321314,6,27,0,195,13,141209.0,175422.0,154240.0,156055.75,10960.0,23797.0,14026.0,17087.75,21274.0,21036.0,22135.0,21450.25,0,85.33653846153845,1,Efficient,TIER_1,0,0.4919024210164252,,0,0.000580680277732989,0
W197,2026-07-06,2026,Q3,Jul,None,9281.0,7612.0,1692.0,3466.0,22051.0,2345751.0,49354.0,2.1,0.45,4138.0,1954.0,950.0,51.4,23.21,4228.0,91.42,178635.0,5252.0,7238.0,166145.0,72429.0,93716.0,56.4,24986.0,12219.0,34460.0,2584.0,610.0,7816.0,23450.0,14.1,82044.0,3.5,7.53,325.0,1395528.0,218.34,9.41,0,2.940073333893134,4.051837545833683,3.959152247031649,47.2208796520058,0.4208879415899506,0.3451997641830302,0.07673121400390005,0.15718108022311914,13.272141803846038,12.00102354145343,71665.0,0.48618219037871035,23.550830295666263,7,28,0,196,14,160549.0,135714.0,139919.0,152337.5,20215.0,10612.0,14171.0,16192.25,20644.0,20816.0,20417.0,21352.25,0,86.3701923076923,1,Efficient,TIER_1,0,0.40211572640336657,,0,0.002685562748107444,0
W198,2026-07-13,2026,Q3,Jul,Mid-Year Sale,10200.0,8513.0,2288.0,4663.0,25664.0,2935063.0,70018.0,2.39,0.37,6114.0,2543.0,1059.0,58.4,24.23,5280.0,99.57,253207.0,26742.0,8545.0,217920.0,96437.0,121483.0,55.7,24892.0,14259.0,56668.0,2588.0,608.0,13368.0,40104.0,18.4,79543.0,2.6,8.49,373.4,1420668.0,227.87,9.4,1,10.561319394803462,3.374709229997591,3.6319232197434945,41.593065096499835,0.3974438902743142,0.3317097880299252,0.08915211970074813,0.18169420199501246,11.776798825256975,15.770349980338183,95819.0,0.41643727880456155,21.918815089099745,7,29,0,197,0,166145.0,171878.0,127989.0,159945.25,23450.0,22982.0,5854.0,19401.75,22051.0,22675.0,20430.0,21661.0,0,92.54807692307692,0,Steady,TIER_2,0,0.5116047167607329,,1,0.00020525944808122117,0
W199,2026-07-20,2026,Q3,Jul,None,8889.0,7292.0,1775.0,3299.0,21255.0,2380367.0,52195.0,2.19,0.41,5408.0,2255.0,1165.0,48.3,18.24,4643.0,94.42,212917.0,6524.0,11321.0,195072.0,88714.0,106358.0,54.5,25378.0,13337.0,46388.0,2592.0,605.0,10798.0,32393.0,16.6,74681.0,2.7,9.18,400.4,1444319.0,203.19,11.14,0,3.064104792008153,5.317095393979813,4.3203371970495255,41.69748520710059,0.4182074805928017,0.3430722183015761,0.08350976240884497,0.15521053869677723,10.89597687007874,14.364966740576497,85103.0,0.516629711751663,24.084025346006335,7,30,0,198,1,217920.0,141209.0,154846.0,171455.75,40104.0,10960.0,17866.0,23682.25,25664.0,21274.0,21686.0,22408.25,0,97.21153846153844,1,Efficient,TIER_1,0,0.5102840662883713,,0,0.016375765547166722,0
W200,2026-07-27,2026,Q3,Jul,None,8786.0,7777.0,1711.0,3058.0,21332.0,2279848.0,53184.0,2.33,0.4,5166.0,1971.0,987.0,49.9,21.61,3806.0,88.96,175340.0,6152.0,7137.0,162051.0,75500.0,86551.0,53.4,25321.0,12003.0,27895.0,2596.0,602.0,6174.0,18523.0,11.4,58687.0,2.5,7.6,305.7,1472170.0,209.54,9.7,0,3.508611839853998,4.070377552184327,3.7060018050541514,38.153310104529616,0.4118694918432402,0.36456966060378776,0.08020813800862554,0.14335270954434653,13.163757088817718,9.397767630644344,65219.0,0.5007610350076104,25.098370158210585,7,31,0,199,2,195072.0,160549.0,144958.0,184921.5,32393.0,20215.0,10916.0,29040.5,21255.0,20644.0,21296.0,22403.5,0,84.30288461538461,1,Efficient,TIER_1,0,0.4391489687132309,,0,0.005125632468837168,0
W201,2026-08-03,2026,Q3,Aug,None,9089.0,6318.0,1972.0,3118.0,20497.0,2036245.0,46662.0,2.29,0.44,3852.0,1837.0,866.0,52.9,23.67,3422.0,101.5,186456.0,7135.0,7781.0,171540.0,80777.0,90763.0,52.9,24756.0,12115.0,33395.0,2600.0,600.0,7549.0,22646.0,13.2,61837.0,2.5,8.37,342.8,1482944.0,245.44,10.37,0,3.8266400652164587,4.173102501394431,3.936822253653937,47.68951194184839,0.44343074596282384,0.3082402302776016,0.09620920134653851,0.15211982241303607,11.948816602541681,12.327708219923789,70266.0,0.4714207947740882,25.84967229117278,8,32,0,200,3,162051.0,166145.0,158775.0,185297.0,18523.0,23450.0,19242.0,28617.5,21332.0,22051.0,19993.0,22575.5,0,92.69230769230771,1,Efficient,TIER_1,0,0.4313770730423419,,0,0.004560464535930546,0
W202,2026-08-10,2026,Q3,Aug,None,9738.0,6665.0,1907.0,3587.0,21897.0,2324692.0,45327.0,1.95,0.48,3638.0,1528.0,712.0,53.4,30.75,3161.0,96.87,148017.0,4439.0,6710.0,136868.0,62952.0,73916.0,54.0,25114.0,12001.0,14904.0,2604.0,598.0,2926.0,8776.0,6.4,60465.0,3.1,6.25,237.6,1491308.0,218.91,7.12,0,2.9989798469094766,4.533263071133721,3.371059192093013,42.00109950522265,0.44471845458281956,0.30437959537836234,0.08708955564689227,0.16381239439192583,15.998626413770934,5.7434554973821985,52019.0,0.46596858638743455,25.271266860977427,8,33,0,201,4,171540.0,217920.0,138270.0,186645.75,22646.0,40104.0,12922.0,28416.5,20497.0,25664.0,20549.0,22187.0,0,47.74038461538461,2,Burn,TIER_3,0,0.4075788488791818,,0,0.0022137307386660395,0
W203,2026-08-17,2026,Q3,Aug,None,8901.0,6555.0,1791.0,3580.0,20827.0,2145658.0,50477.0,2.35,0.41,4159.0,1978.0,893.0,54.9,23.32,4167.0,101.19,200154.0,6984.0,10836.0,182334.0,82985.0,99349.0,54.5,25268.0,13589.0,39665.0,2608.0,595.0,9116.0,27346.0,15.0,64379.0,2.5,8.75,377.0,1503674.0,253.26,10.86,0,3.4893132288138133,5.413831349860607,3.9186163995483088,47.559509497475354,0.42737792288855814,0.3147356796466126,0.08599414221923465,0.17189225524559465,11.422444524882907,13.825075834175935,78522.0,0.45146612740141556,25.19392131894645,8,34,0,202,5,136868.0,195072.0,135550.0,166382.75,8776.0,32393.0,9997.0,20584.5,21897.0,21255.0,22206.0,21245.25,0,95.91346153846153,1,Efficient,TIER_1,0,0.44819853827574613,,0,0.0005532487221894747,0
W204,2026-08-24,2026,Q3,Aug,None,9219.0,6103.0,2056.0,3533.0,20911.0,2154645.0,43531.0,2.02,0.48,3878.0,1805.0,879.0,51.3,23.79,3512.0,98.08,177034.0,4566.0,7995.0,164473.0,75704.0,88769.0,54.0,25457.0,12542.0,29859.0,2612.0,592.0,6664.0,19991.0,12.2,59381.0,2.5,7.87,324.5,1521280.0,191.14,8.03,0,2.579165584012111,4.51608165663093,4.1464703314879054,46.544610624033005,0.4408684424465592,0.29185596097747596,0.09832145760604466,0.16895413896992015,12.713940889994102,11.075346260387812,67858.0,0.48698060941828253,25.823799015447293,8,35,0,203,6,182334.0,162051.0,152348.0,163198.25,27346.0,18523.0,14626.0,19322.75,20827.0,21332.0,22523.0,21138.25,0,81.53846153846153,1,Efficient,TIER_1,0,0.406720158968852,,0,0.0018503177939949995,0
W205,2026-08-31,2026,Q3,Aug,None,7532.0,6927.0,1803.0,3853.0,20115.0,2348606.0,53002.0,2.26,0.38,4461.0,2292.0,1020.0,55.5,19.72,4804.0,98.88,226633.0,7841.0,8024.0,210768.0,93601.0,117167.0,55.6,25523.0,14074.0,57455.0,2616.0,590.0,13562.0,40687.0,19.3,66708.0,2.2,9.523750000000001,482.5,1536912.0,229.99,11.594999999999999,0,3.4597785847603832,3.5405258722251394,4.324365118297423,51.37861466039004,0.37444693015162817,0.34436987322893364,0.08963460104399702,0.1915485955754412,9.543668868139378,17.751745200698082,97052.0,0.44502617801047123,25.738745980707396,8,36,0,204,7,164473.0,171540.0,175422.0,163803.75,19991.0,22646.0,23797.0,19689.75,20911.0,20497.0,21036.0,21033.0,0,99.32692307692308,1,Efficient,TIER_1,1,0.5530081704412113,ROAS is 2.7 std dev above normal (9.52 vs typical 6.75),0,0.0037470836148475926,0
W206,2026-09-07,2026,Q3,Sep,None,8734.0,7627.0,1858.0,2877.0,21096.0,2137449.0,45104.0,2.11,0.47,3691.0,1599.0,751.0,53.0,28.09,3368.0,98.6,157661.0,4009.0,7781.0,145871.0,65488.0,80383.0,55.1,25398.0,12403.0,21486.0,2620.0,588.0,4570.0,13708.0,9.4,51010.0,2.4,6.91,281.0,1562084.0,227.53,8.1,0,2.542797521263978,4.935272515079824,3.5451401206101454,43.32159306421024,0.4140121350018961,0.36153773227152064,0.08807356844899507,0.13637656427758818,14.462093219351344,8.57285803627267,59287.0,0.46966854283927456,26.52230164524509,9,37,0,205,8,210768.0,136868.0,135714.0,173610.75,40687.0,8776.0,10612.0,24200.0,20115.0,21897.0,20816.0,20937.5,0,68.24519230769232,2,Burn,TIER_3,0,0.39397251969825764,,0,0.011336869681427,0
W207,2026-09-14,2026,Q3,Sep,None,8216.0,7076.0,1882.0,3624.0,20798.0,2341273.0,47719.0,2.04,0.44,4616.0,1998.0,989.0,50.5,21.03,3679.0,100.0,199800.0,7301.0,8216.0,184283.0,81408.0,102875.0,55.8,25508.0,13228.0,43341.0,2624.0,585.0,10033.0,30099.0,16.3,57434.0,2.2,8.86,394.6,1573334.0,222.19,10.57,0,3.6541541541541545,4.112112112112112,4.1870114629392905,43.2842287694974,0.395037984421579,0.3402250216366958,0.09048947014135975,0.17424752380036543,11.285902660581822,15.064564564564565,82077.0,0.494994994994995,26.4274868142574,9,38,0,206,9,145871.0,182334.0,171878.0,175861.5,13708.0,27346.0,22982.0,25433.0,21096.0,20827.0,22675.0,20737.25,0,96.77884615384615,1,Efficient,TIER_1,0,0.4621270961697084,,0,0.00041559786271175487,0
W208,2026-09-21,2026,Q3,Sep,None,7955.0,7291.0,1760.0,3896.0,20902.0,2399018.0,43874.0,1.83,0.48,3689.0,1909.0,835.0,56.3,25.03,3799.0,106.25,202831.0,8775.0,12191.0,181865.0,79402.0,102463.0,56.3,25409.0,12466.0,43686.0,2628.0,582.0,10119.0,30357.0,16.7,73705.0,2.8,8.7,390.2,1574870.0,294.02,11.594999999999999,0,4.326261764720383,6.010422469938027,4.351096321283676,51.74844131200867,0.38058558989570374,0.3488182949000096,0.0842024686632858,0.18639364654100085,11.493140516317048,15.9020429544264,81561.0,0.43740178103719224,26.793984041376728,9,39,0,207,10,184283.0,164473.0,141209.0,176348.75,30099.0,19991.0,10960.0,26121.25,20798.0,20911.0,21274.0,20730.0,0,97.78846153846153,1,Efficient,TIER_1,1,0.5545603338842716,return rate % is 1.9 std dev above normal (6.01 vs typical 4.50),0,0.0016184551352881448,0
